Time,CORE_ZN:SEATTLE SEATTLE TACOMA INTL A ANN HTG 99.6% CONDNS DB:Des Heat Load [W],CORE_ZN:SEATTLE SEATTLE TACOMA INTL A ANN CLG .4% CONDNS DB=>MWB:Des Sens Cool Load [W],CORE_ZN:SEATTLE SEATTLE TACOMA INTL A ANN HTG 99.6% CONDNS DB:Des Heat Mass Flow [kg/s],CORE_ZN:SEATTLE SEATTLE TACOMA INTL A ANN CLG .4% CONDNS DB=>MWB:Des Cool Mass Flow [kg/s],PERIMETER_ZN_1:SEATTLE SEATTLE TACOMA INTL A ANN HTG 99.6% CONDNS DB:Des Heat Load [W],PERIMETER_ZN_1:SEATTLE SEATTLE TACOMA INTL A ANN CLG .4% CONDNS DB=>MWB:Des Sens Cool Load [W],PERIMETER_ZN_1:SEATTLE SEATTLE TACOMA INTL A ANN HTG 99.6% CONDNS DB:Des Heat Mass Flow [kg/s],PERIMETER_ZN_1:SEATTLE SEATTLE TACOMA INTL A ANN CLG .4% CONDNS DB=>MWB:Des Cool Mass Flow [kg/s],PERIMETER_ZN_2:SEATTLE SEATTLE TACOMA INTL A ANN HTG 99.6% CONDNS DB:Des Heat Load [W],PERIMETER_ZN_2:SEATTLE SEATTLE TACOMA INTL A ANN CLG .4% CONDNS DB=>MWB:Des Sens Cool Load [W],PERIMETER_ZN_2:SEATTLE SEATTLE TACOMA INTL A ANN HTG 99.6% CONDNS DB:Des Heat Mass Flow [kg/s],PERIMETER_ZN_2:SEATTLE SEATTLE TACOMA INTL A ANN CLG .4% CONDNS DB=>MWB:Des Cool Mass Flow [kg/s],PERIMETER_ZN_3:SEATTLE SEATTLE TACOMA INTL A ANN HTG 99.6% CONDNS DB:Des Heat Load [W],PERIMETER_ZN_3:SEATTLE SEATTLE TACOMA INTL A ANN CLG .4% CONDNS DB=>MWB:Des Sens Cool Load [W],PERIMETER_ZN_3:SEATTLE SEATTLE TACOMA INTL A ANN HTG 99.6% CONDNS DB:Des Heat Mass Flow [kg/s],PERIMETER_ZN_3:SEATTLE SEATTLE TACOMA INTL A ANN CLG .4% CONDNS DB=>MWB:Des Cool Mass Flow [kg/s],PERIMETER_ZN_4:SEATTLE SEATTLE TACOMA INTL A ANN HTG 99.6% CONDNS DB:Des Heat Load [W],PERIMETER_ZN_4:SEATTLE SEATTLE TACOMA INTL A ANN CLG .4% CONDNS DB=>MWB:Des Sens Cool Load [W],PERIMETER_ZN_4:SEATTLE SEATTLE TACOMA INTL A ANN HTG 99.6% CONDNS DB:Des Heat Mass Flow [kg/s],PERIMETER_ZN_4:SEATTLE SEATTLE TACOMA INTL A ANN CLG .4% CONDNS DB=>MWB:Des Cool Mass Flow [kg/s]
00:05:00,7.525225E+02,3.015132E+03,3.906701E-02,2.664002E-01,2.365741E+03,2.265785E+03,1.228124E-01,2.001910E-01,1.476429E+03,1.282409E+03,7.664535E-02,1.133058E-01,2.359933E+03,1.924624E+03,1.225109E-01,1.700481E-01,1.467788E+03,1.429673E+03,7.619677E-02,1.263170E-01
00:10:00,7.517156E+02,3.012538E+03,3.902512E-02,2.661710E-01,2.365436E+03,2.258076E+03,1.227966E-01,1.995098E-01,1.476267E+03,1.278088E+03,7.663698E-02,1.129239E-01,2.359620E+03,1.919092E+03,1.224946E-01,1.695594E-01,1.467626E+03,1.423336E+03,7.618838E-02,1.257571E-01
00:15:00,7.509114E+02,3.009972E+03,3.898337E-02,2.659443E-01,2.365133E+03,2.250464E+03,1.227808E-01,1.988372E-01,1.476107E+03,1.273819E+03,7.662864E-02,1.125468E-01,2.359308E+03,1.913639E+03,1.224784E-01,1.690776E-01,1.467465E+03,1.417113E+03,7.618002E-02,1.252073E-01
00:20:00,7.501100E+02,3.007434E+03,3.894176E-02,2.657200E-01,2.364831E+03,2.242947E+03,1.227651E-01,1.981731E-01,1.475947E+03,1.269603E+03,7.662033E-02,1.121743E-01,2.358998E+03,1.908264E+03,1.224623E-01,1.686027E-01,1.467305E+03,1.411002E+03,7.617169E-02,1.246673E-01
00:25:00,7.493112E+02,3.004922E+03,3.890030E-02,2.654981E-01,2.364530E+03,2.235524E+03,1.227495E-01,1.975172E-01,1.475787E+03,1.265439E+03,7.661205E-02,1.118064E-01,2.358688E+03,1.902966E+03,1.224462E-01,1.681346E-01,1.467145E+03,1.404999E+03,7.616340E-02,1.241369E-01
00:30:00,7.485152E+02,3.002435E+03,3.885897E-02,2.652784E-01,2.364230E+03,2.228194E+03,1.227339E-01,1.968697E-01,1.475628E+03,1.261326E+03,7.660381E-02,1.114430E-01,2.358380E+03,1.897745E+03,1.224302E-01,1.676733E-01,1.466986E+03,1.399100E+03,7.615513E-02,1.236158E-01
00:35:00,7.485419E+02,3.000127E+03,3.886036E-02,2.650744E-01,2.364241E+03,2.220988E+03,1.227345E-01,1.962330E-01,1.475635E+03,1.257277E+03,7.660413E-02,1.110852E-01,2.358392E+03,1.892650E+03,1.224309E-01,1.672231E-01,1.466992E+03,1.393321E+03,7.615546E-02,1.231052E-01
00:40:00,7.485685E+02,2.997841E+03,3.886174E-02,2.648725E-01,2.364253E+03,2.213836E+03,1.227351E-01,1.956010E-01,1.475641E+03,1.253256E+03,7.660445E-02,1.107299E-01,2.358403E+03,1.887593E+03,1.224315E-01,1.667763E-01,1.466998E+03,1.387618E+03,7.615578E-02,1.226013E-01
00:45:00,7.485950E+02,2.995578E+03,3.886311E-02,2.646725E-01,2.364264E+03,2.206736E+03,1.227357E-01,1.949738E-01,1.475647E+03,1.249261E+03,7.660477E-02,1.103770E-01,2.358415E+03,1.882572E+03,1.224321E-01,1.663327E-01,1.467004E+03,1.381989E+03,7.615610E-02,1.221039E-01
00:50:00,7.486214E+02,2.993336E+03,3.886448E-02,2.644745E-01,2.364275E+03,2.199688E+03,1.227363E-01,1.943510E-01,1.475653E+03,1.245293E+03,7.660509E-02,1.100264E-01,2.358427E+03,1.877587E+03,1.224327E-01,1.658923E-01,1.467010E+03,1.376430E+03,7.615642E-02,1.216128E-01
00:55:00,7.486477E+02,2.991115E+03,3.886585E-02,2.642782E-01,2.364286E+03,2.192689E+03,1.227369E-01,1.937327E-01,1.475659E+03,1.241351E+03,7.660541E-02,1.096781E-01,2.358438E+03,1.872636E+03,1.224333E-01,1.654548E-01,1.467017E+03,1.370938E+03,7.615674E-02,1.211276E-01
01:00:00,7.486739E+02,2.988914E+03,3.886721E-02,2.640837E-01,2.364298E+03,2.185739E+03,1.227374E-01,1.931186E-01,1.475665E+03,1.237433E+03,7.660572E-02,1.093320E-01,2.358450E+03,1.867718E+03,1.224338E-01,1.650203E-01,1.467023E+03,1.365512E+03,7.615705E-02,1.206481E-01
01:05:00,7.487001E+02,2.986731E+03,3.886857E-02,2.638909E-01,2.364309E+03,2.178913E+03,1.227380E-01,1.925154E-01,1.475671E+03,1.233587E+03,7.660604E-02,1.089921E-01,2.358461E+03,1.862905E+03,1.224344E-01,1.645951E-01,1.467029E+03,1.360195E+03,7.615737E-02,1.201784E-01
01:10:00,7.487261E+02,2.984567E+03,3.886992E-02,2.636997E-01,2.364320E+03,2.172207E+03,1.227386E-01,1.919230E-01,1.475677E+03,1.229805E+03,7.660635E-02,1.086580E-01,2.358472E+03,1.858191E+03,1.224350E-01,1.641786E-01,1.467035E+03,1.354984E+03,7.615768E-02,1.197180E-01
01:15:00,7.487521E+02,2.982421E+03,3.887127E-02,2.635101E-01,2.364331E+03,2.165623E+03,1.227392E-01,1.913412E-01,1.475683E+03,1.226091E+03,7.660666E-02,1.083298E-01,2.358484E+03,1.853579E+03,1.224356E-01,1.637711E-01,1.467041E+03,1.349879E+03,7.615799E-02,1.192669E-01
01:20:00,7.487780E+02,2.980293E+03,3.887261E-02,2.633221E-01,2.364342E+03,2.159160E+03,1.227397E-01,1.907702E-01,1.475689E+03,1.222447E+03,7.660697E-02,1.080079E-01,2.358495E+03,1.849072E+03,1.224362E-01,1.633729E-01,1.467047E+03,1.344877E+03,7.615830E-02,1.188250E-01
01:25:00,7.488037E+02,2.978183E+03,3.887395E-02,2.631356E-01,2.364353E+03,2.152820E+03,1.227403E-01,1.902100E-01,1.475695E+03,1.218872E+03,7.660728E-02,1.076921E-01,2.358506E+03,1.844670E+03,1.224368E-01,1.629840E-01,1.467053E+03,1.339978E+03,7.615861E-02,1.183922E-01
01:30:00,7.488294E+02,2.976091E+03,3.887528E-02,2.629508E-01,2.364363E+03,2.146602E+03,1.227409E-01,1.896607E-01,1.475701E+03,1.215369E+03,7.660758E-02,1.073825E-01,2.358517E+03,1.840375E+03,1.224374E-01,1.626045E-01,1.467059E+03,1.335181E+03,7.615892E-02,1.179683E-01
01:35:00,7.488550E+02,2.974017E+03,3.887661E-02,2.627675E-01,2.364374E+03,2.140432E+03,1.227414E-01,1.891155E-01,1.475707E+03,1.211891E+03,7.660789E-02,1.070752E-01,2.358528E+03,1.836113E+03,1.224379E-01,1.622279E-01,1.467064E+03,1.330439E+03,7.615922E-02,1.175493E-01
01:40:00,7.488805E+02,2.971960E+03,3.887794E-02,2.625858E-01,2.364385E+03,2.134310E+03,1.227420E-01,1.885747E-01,1.475713E+03,1.208443E+03,7.660819E-02,1.067706E-01,2.358539E+03,1.831893E+03,1.224385E-01,1.618550E-01,1.467070E+03,1.325751E+03,7.615953E-02,1.171351E-01
01:45:00,7.489060E+02,2.969922E+03,3.887926E-02,2.624058E-01,2.364396E+03,2.128237E+03,1.227425E-01,1.880381E-01,1.475719E+03,1.205023E+03,7.660849E-02,1.064684E-01,2.358550E+03,1.827708E+03,1.224391E-01,1.614854E-01,1.467076E+03,1.321116E+03,7.615983E-02,1.167256E-01
01:50:00,7.489313E+02,2.967902E+03,3.888057E-02,2.622273E-01,2.364406E+03,2.122211E+03,1.227431E-01,1.875057E-01,1.475725E+03,1.201629E+03,7.660879E-02,1.061685E-01,2.358561E+03,1.823558E+03,1.224396E-01,1.611187E-01,1.467082E+03,1.316533E+03,7.616013E-02,1.163207E-01
01:55:00,7.489566E+02,2.965900E+03,3.888188E-02,2.620504E-01,2.364417E+03,2.116232E+03,1.227436E-01,1.869774E-01,1.475730E+03,1.198261E+03,7.660909E-02,1.058709E-01,2.358572E+03,1.819442E+03,1.224402E-01,1.607550E-01,1.467088E+03,1.312000E+03,7.616043E-02,1.159201E-01
02:00:00,7.489817E+02,2.963915E+03,3.888319E-02,2.618750E-01,2.364427E+03,2.110299E+03,1.227442E-01,1.864532E-01,1.475736E+03,1.194917E+03,7.660939E-02,1.055755E-01,2.358583E+03,1.815357E+03,1.224408E-01,1.603941E-01,1.467093E+03,1.307516E+03,7.616073E-02,1.155240E-01
02:05:00,7.490068E+02,2.961948E+03,3.888449E-02,2.617012E-01,2.364438E+03,2.104443E+03,1.227447E-01,1.859358E-01,1.475742E+03,1.191623E+03,7.660969E-02,1.052845E-01,2.358594E+03,1.811343E+03,1.224413E-01,1.600394E-01,1.467099E+03,1.303103E+03,7.616102E-02,1.151341E-01
02:10:00,7.490318E+02,2.959997E+03,3.888579E-02,2.615289E-01,2.364448E+03,2.098661E+03,1.227453E-01,1.854250E-01,1.475747E+03,1.188377E+03,7.660998E-02,1.049977E-01,2.358604E+03,1.807399E+03,1.224419E-01,1.596909E-01,1.467105E+03,1.298757E+03,7.616132E-02,1.147501E-01
02:15:00,7.490567E+02,2.958063E+03,3.888708E-02,2.613580E-01,2.364459E+03,2.092959E+03,1.227458E-01,1.849211E-01,1.475753E+03,1.185180E+03,7.661027E-02,1.047152E-01,2.358615E+03,1.803525E+03,1.224424E-01,1.593486E-01,1.467110E+03,1.294478E+03,7.616161E-02,1.143721E-01
02:20:00,7.490815E+02,2.956146E+03,3.888837E-02,2.611886E-01,2.364469E+03,2.087336E+03,1.227463E-01,1.844244E-01,1.475759E+03,1.182030E+03,7.661057E-02,1.044369E-01,2.358626E+03,1.799719E+03,1.224430E-01,1.590124E-01,1.467116E+03,1.290267E+03,7.616191E-02,1.140000E-01
02:25:00,7.491063E+02,2.954246E+03,3.888966E-02,2.610207E-01,2.364480E+03,2.081795E+03,1.227469E-01,1.839347E-01,1.475764E+03,1.178928E+03,7.661086E-02,1.041629E-01,2.358636E+03,1.795982E+03,1.224435E-01,1.586822E-01,1.467122E+03,1.286123E+03,7.616220E-02,1.136339E-01
02:30:00,7.491309E+02,2.952362E+03,3.889094E-02,2.608543E-01,2.364490E+03,2.076334E+03,1.227474E-01,1.834522E-01,1.475770E+03,1.175874E+03,7.661115E-02,1.038930E-01,2.358647E+03,1.792314E+03,1.224441E-01,1.583582E-01,1.467127E+03,1.282045E+03,7.616249E-02,1.132736E-01
02:35:00,7.491555E+02,2.950495E+03,3.889221E-02,2.606893E-01,2.364500E+03,2.070922E+03,1.227479E-01,1.829741E-01,1.475775E+03,1.172844E+03,7.661144E-02,1.036253E-01,2.358657E+03,1.788677E+03,1.224446E-01,1.580368E-01,1.467133E+03,1.278010E+03,7.616278E-02,1.129171E-01
02:40:00,7.491800E+02,2.948644E+03,3.889348E-02,2.605257E-01,2.364510E+03,2.065560E+03,1.227485E-01,1.825004E-01,1.475781E+03,1.169836E+03,7.661172E-02,1.033596E-01,2.358668E+03,1.785068E+03,1.224452E-01,1.577180E-01,1.467138E+03,1.274021E+03,7.616307E-02,1.125646E-01
02:45:00,7.492044E+02,2.946809E+03,3.889475E-02,2.603636E-01,2.364520E+03,2.060244E+03,1.227490E-01,1.820306E-01,1.475787E+03,1.166853E+03,7.661201E-02,1.030960E-01,2.358678E+03,1.781490E+03,1.224457E-01,1.574018E-01,1.467144E+03,1.270075E+03,7.616335E-02,1.122159E-01
02:50:00,7.492287E+02,2.944990E+03,3.889601E-02,2.602029E-01,2.364531E+03,2.054971E+03,1.227495E-01,1.815648E-01,1.475792E+03,1.163893E+03,7.661229E-02,1.028344E-01,2.358688E+03,1.777941E+03,1.224462E-01,1.570883E-01,1.467149E+03,1.266170E+03,7.616364E-02,1.118709E-01
02:55:00,7.492529E+02,2.943187E+03,3.889727E-02,2.600436E-01,2.364541E+03,2.049740E+03,1.227500E-01,1.811026E-01,1.475797E+03,1.160956E+03,7.661258E-02,1.025749E-01,2.358699E+03,1.774422E+03,1.224468E-01,1.567773E-01,1.467155E+03,1.262305E+03,7.616392E-02,1.115295E-01
03:00:00,7.492771E+02,2.941400E+03,3.889852E-02,2.598857E-01,2.364551E+03,2.044551E+03,1.227506E-01,1.806442E-01,1.475803E+03,1.158042E+03,7.661286E-02,1.023175E-01,2.358709E+03,1.770931E+03,1.224473E-01,1.564689E-01,1.467160E+03,1.258479E+03,7.616420E-02,1.111915E-01
03:05:00,7.493012E+02,2.939628E+03,3.889977E-02,2.597291E-01,2.364561E+03,2.039402E+03,1.227511E-01,1.801893E-01,1.475808E+03,1.155150E+03,7.661314E-02,1.020620E-01,2.358719E+03,1.767468E+03,1.224478E-01,1.561629E-01,1.467166E+03,1.254692E+03,7.616449E-02,1.108569E-01
03:10:00,7.493251E+02,2.937870E+03,3.890102E-02,2.595739E-01,2.364571E+03,2.034294E+03,1.227516E-01,1.797379E-01,1.475814E+03,1.152281E+03,7.661342E-02,1.018085E-01,2.358729E+03,1.764033E+03,1.224484E-01,1.558594E-01,1.467171E+03,1.250942E+03,7.616477E-02,1.105255E-01
03:15:00,7.493491E+02,2.936128E+03,3.890226E-02,2.594199E-01,2.364580E+03,2.029224E+03,1.227521E-01,1.792899E-01,1.475819E+03,1.149433E+03,7.661370E-02,1.015569E-01,2.358740E+03,1.760624E+03,1.224489E-01,1.555582E-01,1.467177E+03,1.247229E+03,7.616505E-02,1.101974E-01
03:20:00,7.493729E+02,2.934399E+03,3.890350E-02,2.592672E-01,2.364590E+03,2.024192E+03,1.227526E-01,1.788454E-01,1.475824E+03,1.146607E+03,7.661398E-02,1.013071E-01,2.358750E+03,1.757242E+03,1.224494E-01,1.552594E-01,1.467182E+03,1.243551E+03,7.616532E-02,1.098725E-01
03:25:00,7.493966E+02,2.932685E+03,3.890473E-02,2.591157E-01,2.364600E+03,2.019198E+03,1.227531E-01,1.784041E-01,1.475830E+03,1.143801E+03,7.661425E-02,1.010593E-01,2.358760E+03,1.753885E+03,1.224500E-01,1.549628E-01,1.467187E+03,1.239908E+03,7.616560E-02,1.095506E-01
03:30:00,7.494203E+02,2.930984E+03,3.890596E-02,2.589655E-01,2.364610E+03,2.014240E+03,1.227536E-01,1.779661E-01,1.475835E+03,1.141016E+03,7.661453E-02,1.008132E-01,2.358770E+03,1.750553E+03,1.224505E-01,1.546684E-01,1.467193E+03,1.236299E+03,7.616588E-02,1.092318E-01
03:35:00,7.494439E+02,2.929297E+03,3.890718E-02,2.588164E-01,2.364620E+03,2.009319E+03,1.227542E-01,1.775312E-01,1.475840E+03,1.138251E+03,7.661480E-02,1.005689E-01,2.358780E+03,1.747245E+03,1.224510E-01,1.543762E-01,1.467198E+03,1.232723E+03,7.616615E-02,1.089158E-01
03:40:00,7.494674E+02,2.927622E+03,3.890840E-02,2.586684E-01,2.364629E+03,2.004432E+03,1.227547E-01,1.770995E-01,1.475846E+03,1.135506E+03,7.661507E-02,1.003263E-01,2.358790E+03,1.743961E+03,1.224515E-01,1.540860E-01,1.467203E+03,1.229180E+03,7.616642E-02,1.086027E-01
03:45:00,7.494908E+02,2.925960E+03,3.890962E-02,2.585215E-01,2.364639E+03,1.999580E+03,1.227552E-01,1.766708E-01,1.475851E+03,1.132780E+03,7.661535E-02,1.000855E-01,2.358800E+03,1.740700E+03,1.224520E-01,1.537979E-01,1.467208E+03,1.225667E+03,7.616670E-02,1.082924E-01
03:50:00,7.495141E+02,2.924310E+03,3.891083E-02,2.583758E-01,2.364649E+03,1.994761E+03,1.227557E-01,1.762451E-01,1.475856E+03,1.130072E+03,7.661562E-02,9.984629E-02,2.358810E+03,1.737462E+03,1.224525E-01,1.535118E-01,1.467214E+03,1.222186E+03,7.616697E-02,1.079848E-01
03:55:00,7.495374E+02,2.922672E+03,3.891204E-02,2.582310E-01,2.364658E+03,1.989976E+03,1.227562E-01,1.758223E-01,1.475861E+03,1.127383E+03,7.661589E-02,9.960871E-02,2.358819E+03,1.734245E+03,1.224530E-01,1.532275E-01,1.467219E+03,1.218735E+03,7.616724E-02,1.076799E-01
04:00:00,7.495606E+02,2.921045E+03,3.891324E-02,2.580873E-01,2.364668E+03,1.985223E+03,1.227567E-01,1.754023E-01,1.475866E+03,1.124713E+03,7.661615E-02,9.937273E-02,2.358829E+03,1.731049E+03,1.224536E-01,1.529452E-01,1.467224E+03,1.215313E+03,7.616751E-02,1.073776E-01
04:05:00,7.495837E+02,2.919430E+03,3.891444E-02,2.579446E-01,2.364677E+03,1.980542E+03,1.227571E-01,1.749888E-01,1.475872E+03,1.122083E+03,7.661642E-02,9.914042E-02,2.358839E+03,1.727912E+03,1.224541E-01,1.526680E-01,1.467229E+03,1.211944E+03,7.616777E-02,1.070799E-01
04:10:00,7.496067E+02,2.917825E+03,3.891564E-02,2.578029E-01,2.364687E+03,1.975934E+03,1.227576E-01,1.745816E-01,1.475877E+03,1.119496E+03,7.661669E-02,9.891185E-02,2.358849E+03,1.724836E+03,1.224546E-01,1.523962E-01,1.467234E+03,1.208627E+03,7.616804E-02,1.067869E-01
04:15:00,7.496297E+02,2.916232E+03,3.891683E-02,2.576621E-01,2.364696E+03,1.971395E+03,1.227581E-01,1.741806E-01,1.475882E+03,1.116950E+03,7.661695E-02,9.868691E-02,2.358858E+03,1.721818E+03,1.224551E-01,1.521296E-01,1.467239E+03,1.205363E+03,7.616831E-02,1.064984E-01
04:20:00,7.496526E+02,2.914649E+03,3.891802E-02,2.575222E-01,2.364706E+03,1.966927E+03,1.227586E-01,1.737858E-01,1.475887E+03,1.114446E+03,7.661722E-02,9.846560E-02,2.358868E+03,1.718859E+03,1.224556E-01,1.518682E-01,1.467244E+03,1.202149E+03,7.616857E-02,1.062145E-01
04:25:00,7.496754E+02,2.913078E+03,3.891920E-02,2.573834E-01,2.364715E+03,1.962528E+03,1.227591E-01,1.733971E-01,1.475892E+03,1.111982E+03,7.661748E-02,9.824791E-02,2.358878E+03,1.715959E+03,1.224561E-01,1.516119E-01,1.467250E+03,1.198986E+03,7.616883E-02,1.059351E-01
04:30:00,7.496981E+02,2.911517E+03,3.892038E-02,2.572455E-01,2.364724E+03,1.958198E+03,1.227596E-01,1.730146E-01,1.475897E+03,1.109559E+03,7.661774E-02,9.803385E-02,2.358887E+03,1.713118E+03,1.224566E-01,1.513609E-01,1.467255E+03,1.195875E+03,7.616910E-02,1.056601E-01
04:35:00,7.497207E+02,2.909967E+03,3.892156E-02,2.571086E-01,2.364734E+03,1.953898E+03,1.227601E-01,1.726346E-01,1.475902E+03,1.107153E+03,7.661800E-02,9.782129E-02,2.358897E+03,1.710296E+03,1.224571E-01,1.511116E-01,1.467260E+03,1.192789E+03,7.616936E-02,1.053875E-01
04:40:00,7.497433E+02,2.908429E+03,3.892273E-02,2.569726E-01,2.364743E+03,1.949626E+03,1.227605E-01,1.722572E-01,1.475907E+03,1.104764E+03,7.661826E-02,9.761018E-02,2.358906E+03,1.707494E+03,1.224575E-01,1.508640E-01,1.467265E+03,1.189729E+03,7.616962E-02,1.051172E-01
04:45:00,7.497658E+02,2.906901E+03,3.892389E-02,2.568377E-01,2.364752E+03,1.945385E+03,1.227610E-01,1.718825E-01,1.475912E+03,1.102391E+03,7.661852E-02,9.740057E-02,2.358916E+03,1.704713E+03,1.224580E-01,1.506183E-01,1.467270E+03,1.186695E+03,7.616988E-02,1.048491E-01
04:50:00,7.497882E+02,2.905385E+03,3.892506E-02,2.567037E-01,2.364761E+03,1.941174E+03,1.227615E-01,1.715105E-01,1.475917E+03,1.100036E+03,7.661878E-02,9.719247E-02,2.358925E+03,1.701952E+03,1.224585E-01,1.503743E-01,1.467275E+03,1.183687E+03,7.617013E-02,1.045833E-01
04:55:00,7.498105E+02,2.903879E+03,3.892622E-02,2.565706E-01,2.364770E+03,1.936994E+03,1.227620E-01,1.711411E-01,1.475922E+03,1.097698E+03,7.661903E-02,9.698587E-02,2.358934E+03,1.699210E+03,1.224590E-01,1.501321E-01,1.467280E+03,1.180705E+03,7.617039E-02,1.043198E-01
05:00:00,7.498328E+02,2.902384E+03,3.892737E-02,2.564385E-01,2.364779E+03,1.932843E+03,1.227624E-01,1.707744E-01,1.475927E+03,1.095376E+03,7.661929E-02,9.678076E-02,2.358944E+03,1.696489E+03,1.224595E-01,1.498917E-01,1.467284E+03,1.177748E+03,7.617065E-02,1.040585E-01
05:05:00,7.498550E+02,2.900899E+03,3.892853E-02,2.563074E-01,2.364788E+03,1.928888E+03,1.227629E-01,1.704249E-01,1.475932E+03,1.093168E+03,7.661954E-02,9.658564E-02,2.358953E+03,1.693942E+03,1.224600E-01,1.496666E-01,1.467289E+03,1.174912E+03,7.617090E-02,1.038080E-01
05:10:00,7.498771E+02,2.899426E+03,3.892967E-02,2.561772E-01,2.364797E+03,1.925126E+03,1.227634E-01,1.700926E-01,1.475936E+03,1.091076E+03,7.661979E-02,9.640083E-02,2.358962E+03,1.691575E+03,1.224605E-01,1.494575E-01,1.467294E+03,1.172200E+03,7.617115E-02,1.035684E-01
05:15:00,7.498991E+02,2.897964E+03,3.893082E-02,2.560481E-01,2.364806E+03,1.921552E+03,1.227638E-01,1.697768E-01,1.475941E+03,1.089098E+03,7.662005E-02,9.622609E-02,2.358971E+03,1.689385E+03,1.224609E-01,1.492640E-01,1.467299E+03,1.169611E+03,7.617141E-02,1.033396E-01
05:20:00,7.499211E+02,2.896525E+03,3.893196E-02,2.559209E-01,2.364815E+03,1.919135E+03,1.227643E-01,1.695632E-01,1.475946E+03,1.094347E+03,7.662030E-02,9.668984E-02,2.358981E+03,1.688757E+03,1.224614E-01,1.492086E-01,1.467304E+03,1.167646E+03,7.617166E-02,1.031661E-01
05:25:00,7.499430E+02,2.895193E+03,3.893309E-02,2.558032E-01,2.364824E+03,1.917593E+03,1.227648E-01,1.694270E-01,1.475951E+03,1.105697E+03,7.662055E-02,9.769273E-02,2.358990E+03,1.689250E+03,1.224619E-01,1.492521E-01,1.467309E+03,1.166158E+03,7.617191E-02,1.030346E-01
05:30:00,7.499648E+02,2.894107E+03,3.893423E-02,2.557073E-01,2.364833E+03,1.916911E+03,1.227652E-01,1.693667E-01,1.475956E+03,1.124520E+03,7.662079E-02,9.935589E-02,2.358999E+03,1.690726E+03,1.224624E-01,1.493826E-01,1.467314E+03,1.165136E+03,7.617216E-02,1.029443E-01
05:35:00,7.499865E+02,2.893416E+03,3.893535E-02,2.556462E-01,2.364842E+03,1.917034E+03,1.227657E-01,1.693777E-01,1.475961E+03,1.151931E+03,7.662104E-02,1.017779E-01,2.359008E+03,1.693197E+03,1.224628E-01,1.496009E-01,1.467318E+03,1.164532E+03,7.617241E-02,1.028910E-01
05:40:00,7.500082E+02,2.893268E+03,3.893648E-02,2.556332E-01,2.364851E+03,1.918082E+03,1.227662E-01,1.694703E-01,1.475965E+03,1.187405E+03,7.662129E-02,1.049123E-01,2.359017E+03,1.697015E+03,1.224633E-01,1.499382E-01,1.467323E+03,1.164392E+03,7.617265E-02,1.028786E-01
05:45:00,7.500298E+02,2.893807E+03,3.893760E-02,2.556808E-01,2.364860E+03,1.920416E+03,1.227666E-01,1.696765E-01,1.475970E+03,1.232132E+03,7.662154E-02,1.088643E-01,2.359026E+03,1.702375E+03,1.224638E-01,1.504119E-01,1.467328E+03,1.164885E+03,7.617290E-02,1.029221E-01
05:50:00,7.500513E+02,2.895157E+03,3.893872E-02,2.558000E-01,2.364868E+03,1.923013E+03,1.227671E-01,1.699060E-01,1.475975E+03,1.278343E+03,7.662178E-02,1.129475E-01,2.359035E+03,1.706052E+03,1.224642E-01,1.507368E-01,1.467333E+03,1.165459E+03,7.617314E-02,1.029729E-01
05:55:00,7.500727E+02,2.897350E+03,3.893983E-02,2.559939E-01,2.364877E+03,1.926200E+03,1.227675E-01,1.701876E-01,1.475979E+03,1.327866E+03,7.662202E-02,1.173233E-01,2.359044E+03,1.710139E+03,1.224647E-01,1.510979E-01,1.467337E+03,1.166258E+03,7.617339E-02,1.030435E-01
06:00:00,7.500941E+02,2.900361E+03,3.894094E-02,2.562599E-01,2.364886E+03,1.927935E+03,1.227680E-01,1.703409E-01,1.475984E+03,1.378337E+03,7.662227E-02,1.217828E-01,2.359053E+03,1.714861E+03,1.224652E-01,1.515152E-01,1.467342E+03,1.167292E+03,7.617363E-02,1.031348E-01
06:05:00,7.501154E+02,2.904130E+03,3.894205E-02,2.565929E-01,2.364894E+03,1.930003E+03,1.227684E-01,1.705236E-01,1.475989E+03,1.429741E+03,7.662251E-02,1.263248E-01,2.359062E+03,1.720609E+03,1.224656E-01,1.520230E-01,1.467347E+03,1.168619E+03,7.617387E-02,1.032522E-01
06:10:00,7.501366E+02,2.908580E+03,3.894315E-02,2.569862E-01,2.364903E+03,1.932562E+03,1.227689E-01,1.707498E-01,1.475993E+03,1.482780E+03,7.662275E-02,1.310112E-01,2.359070E+03,1.727126E+03,1.224661E-01,1.525988E-01,1.467351E+03,1.170184E+03,7.617412E-02,1.033904E-01
06:15:00,7.501578E+02,2.913631E+03,3.894425E-02,2.574324E-01,2.364911E+03,1.935087E+03,1.227693E-01,1.709729E-01,1.475998E+03,1.536310E+03,7.662299E-02,1.357410E-01,2.359079E+03,1.734159E+03,1.224665E-01,1.532203E-01,1.467356E+03,1.171817E+03,7.617436E-02,1.035347E-01
06:20:00,7.501789E+02,2.919051E+03,3.894534E-02,2.579106E-01,2.364920E+03,1.937811E+03,1.227697E-01,1.712131E-01,1.476003E+03,1.590872E+03,7.662323E-02,1.405615E-01,2.359088E+03,1.743220E+03,1.224670E-01,1.540205E-01,1.467361E+03,1.173511E+03,7.617460E-02,1.036841E-01
06:25:00,7.501999E+02,2.925359E+03,3.894643E-02,2.584666E-01,2.364928E+03,1.941215E+03,1.227702E-01,1.715130E-01,1.476007E+03,1.645828E+03,7.662347E-02,1.454162E-01,2.359097E+03,1.752725E+03,1.224674E-01,1.548594E-01,1.467365E+03,1.175529E+03,7.617483E-02,1.038619E-01
06:30:00,7.502208E+02,2.931507E+03,3.894752E-02,2.590091E-01,2.364937E+03,1.946752E+03,1.227706E-01,1.720018E-01,1.476012E+03,1.701432E+03,7.662370E-02,1.503287E-01,2.359105E+03,1.759474E+03,1.224679E-01,1.554553E-01,1.467370E+03,1.177496E+03,7.617507E-02,1.040354E-01
06:35:00,7.502417E+02,2.937912E+03,3.894860E-02,2.595735E-01,2.364945E+03,1.952971E+03,1.227711E-01,1.725504E-01,1.476016E+03,1.756530E+03,7.662394E-02,1.551959E-01,2.359114E+03,1.764672E+03,1.224683E-01,1.559138E-01,1.467374E+03,1.178290E+03,7.617531E-02,1.041051E-01
06:40:00,7.502625E+02,2.944377E+03,3.894968E-02,2.601433E-01,2.364954E+03,1.959602E+03,1.227715E-01,1.731354E-01,1.476021E+03,1.810673E+03,7.662417E-02,1.599788E-01,2.359123E+03,1.768446E+03,1.224688E-01,1.562464E-01,1.467379E+03,1.178881E+03,7.617554E-02,1.041568E-01
06:45:00,7.502832E+02,2.950756E+03,3.895076E-02,2.607055E-01,2.364962E+03,1.964724E+03,1.227719E-01,1.735870E-01,1.476025E+03,1.863549E+03,7.662441E-02,1.646496E-01,2.359131E+03,1.771337E+03,1.224692E-01,1.565011E-01,1.467383E+03,1.179418E+03,7.617578E-02,1.042037E-01
06:50:00,7.503039E+02,2.957072E+03,3.895183E-02,2.612628E-01,2.364970E+03,1.969832E+03,1.227724E-01,1.740379E-01,1.476030E+03,1.914950E+03,7.662464E-02,1.691904E-01,2.359140E+03,1.773849E+03,1.224697E-01,1.567225E-01,1.467388E+03,1.180002E+03,7.617601E-02,1.042551E-01
06:55:00,7.503245E+02,2.962613E+03,3.895290E-02,2.617524E-01,2.364979E+03,1.974666E+03,1.227728E-01,1.744650E-01,1.476034E+03,1.964533E+03,7.662487E-02,1.735711E-01,2.359148E+03,1.775997E+03,1.224701E-01,1.569123E-01,1.467392E+03,1.180413E+03,7.617624E-02,1.042913E-01
07:00:00,7.503450E+02,2.968250E+03,3.895396E-02,2.622496E-01,2.364987E+03,1.979900E+03,1.227732E-01,1.749270E-01,1.476039E+03,2.012692E+03,7.662510E-02,1.778254E-01,2.359157E+03,1.783089E+03,1.224706E-01,1.575385E-01,1.467397E+03,1.180903E+03,7.617648E-02,1.043344E-01
07:05:00,7.503654E+02,2.973415E+03,3.895503E-02,2.627060E-01,2.319071E+03,1.991733E+03,1.203896E-01,1.759724E-01,1.445427E+03,2.063400E+03,7.503598E-02,1.823055E-01,2.313241E+03,1.798362E+03,1.200870E-01,1.588879E-01,1.436785E+03,1.186995E+03,7.458736E-02,1.048726E-01
07:10:00,7.503858E+02,2.978177E+03,3.895608E-02,2.631267E-01,2.273106E+03,2.004150E+03,1.180035E-01,1.770695E-01,1.414782E+03,2.111599E+03,7.344514E-02,1.865638E-01,2.267276E+03,1.815308E+03,1.177009E-01,1.603851E-01,1.406139E+03,1.193686E+03,7.299650E-02,1.054638E-01
07:15:00,7.504061E+02,2.982568E+03,3.895714E-02,2.635147E-01,2.227153E+03,2.019064E+03,1.156180E-01,1.783872E-01,1.384144E+03,2.157525E+03,7.185474E-02,1.906214E-01,2.221323E+03,1.833215E+03,1.153154E-01,1.619673E-01,1.375502E+03,1.200736E+03,7.140610E-02,1.060867E-01
07:20:00,7.504263E+02,2.986608E+03,3.895819E-02,2.638716E-01,2.181181E+03,2.034714E+03,1.132316E-01,1.797700E-01,1.353495E+03,2.201116E+03,7.026371E-02,1.944726E-01,2.175352E+03,1.851852E+03,1.129290E-01,1.636140E-01,1.344852E+03,1.208099E+03,6.981507E-02,1.067372E-01
07:25:00,7.504463E+02,2.990317E+03,3.895923E-02,2.641993E-01,2.135196E+03,2.050877E+03,1.108446E-01,1.811981E-01,1.322836E+03,2.242154E+03,6.867226E-02,1.980983E-01,2.129368E+03,1.871130E+03,1.105420E-01,1.653172E-01,1.314194E+03,1.215760E+03,6.822362E-02,1.074142E-01
07:30:00,7.504662E+02,2.993711E+03,3.896026E-02,2.644992E-01,2.089200E+03,2.067492E+03,1.084569E-01,1.826661E-01,1.292170E+03,2.280469E+03,6.708043E-02,2.014834E-01,2.083372E+03,1.888846E+03,1.081544E-01,1.668825E-01,1.283528E+03,1.223866E+03,6.663180E-02,1.081303E-01
07:35:00,7.504859E+02,2.996799E+03,3.896128E-02,2.647719E-01,2.089117E+03,2.077594E+03,1.084528E-01,1.835586E-01,1.292113E+03,2.311516E+03,6.707759E-02,2.042264E-01,2.083289E+03,1.899997E+03,1.081503E-01,1.678678E-01,1.283471E+03,1.227929E+03,6.662897E-02,1.084893E-01
07:40:00,7.505055E+02,2.999586E+03,3.896230E-02,2.650182E-01,2.089073E+03,2.087499E+03,1.084507E-01,1.844338E-01,1.292083E+03,2.340097E+03,6.707616E-02,2.067515E-01,2.083246E+03,1.910855E+03,1.081482E-01,1.688271E-01,1.283442E+03,1.232009E+03,6.662756E-02,1.088499E-01
07:45:00,7.505248E+02,3.002079E+03,3.896330E-02,2.652384E-01,2.089008E+03,2.095180E+03,1.084475E-01,1.851124E-01,1.292039E+03,2.365723E+03,6.707397E-02,2.090155E-01,2.083182E+03,1.921641E+03,1.081450E-01,1.697801E-01,1.283398E+03,1.236216E+03,6.662538E-02,1.092215E-01
07:50:00,7.505439E+02,3.004280E+03,3.896429E-02,2.654329E-01,2.088953E+03,2.102183E+03,1.084448E-01,1.857312E-01,1.292002E+03,2.388274E+03,6.707213E-02,2.110078E-01,2.083127E+03,1.932400E+03,1.081423E-01,1.707307E-01,1.283361E+03,1.240560E+03,6.662355E-02,1.096053E-01
07:55:00,7.505628E+02,3.006128E+03,3.896527E-02,2.655958E-01,2.088902E+03,2.108460E+03,1.084423E-01,1.862855E-01,1.291967E+03,2.408046E+03,6.707044E-02,2.127544E-01,2.083077E+03,1.943061E+03,1.081399E-01,1.716724E-01,1.283327E+03,1.244977E+03,6.662187E-02,1.099954E-01
08:00:00,7.505816E+02,3.007847E+03,3.896625E-02,2.657473E-01,2.088856E+03,2.113986E+03,1.084400E-01,1.867735E-01,1.291936E+03,2.425508E+03,6.706889E-02,2.142969E-01,2.083032E+03,1.953711E+03,1.081376E-01,1.726132E-01,1.283295E+03,1.249571E+03,6.662033E-02,1.104013E-01
08:05:00,7.506002E+02,3.009341E+03,3.896721E-02,2.658789E-01,2.088813E+03,2.118827E+03,1.084379E-01,1.872009E-01,1.291907E+03,2.440923E+03,6.706746E-02,2.156585E-01,2.082989E+03,1.964275E+03,1.081355E-01,1.735462E-01,1.283267E+03,1.254298E+03,6.661891E-02,1.108187E-01
08:10:00,7.506187E+02,3.010844E+03,3.896817E-02,2.660111E-01,2.088774E+03,2.122640E+03,1.084359E-01,1.875374E-01,1.291880E+03,2.454628E+03,6.706614E-02,2.168689E-01,2.082951E+03,1.974883E+03,1.081336E-01,1.744830E-01,1.283240E+03,1.259224E+03,6.661759E-02,1.112537E-01
08:15:00,7.506370E+02,3.012448E+03,3.896912E-02,2.661523E-01,2.088738E+03,2.127563E+03,1.084341E-01,1.879720E-01,1.291855E+03,2.466908E+03,6.706492E-02,2.179533E-01,2.082915E+03,1.985540E+03,1.081318E-01,1.754243E-01,1.283215E+03,1.264352E+03,6.661638E-02,1.117065E-01
08:20:00,7.506552E+02,3.014278E+03,3.897007E-02,2.663134E-01,2.088704E+03,2.132142E+03,1.084325E-01,1.883761E-01,1.291833E+03,2.478089E+03,6.706380E-02,2.189407E-01,2.082882E+03,1.996279E+03,1.081302E-01,1.763727E-01,1.283193E+03,1.269704E+03,6.661526E-02,1.121792E-01
08:25:00,7.506734E+02,3.016518E+03,3.897101E-02,2.665111E-01,2.088674E+03,2.136466E+03,1.084310E-01,1.887580E-01,1.291812E+03,2.488228E+03,6.706276E-02,2.198363E-01,2.082851E+03,2.007190E+03,1.081287E-01,1.773365E-01,1.283172E+03,1.275353E+03,6.661423E-02,1.126781E-01
08:30:00,7.506914E+02,3.019056E+03,3.897195E-02,2.667351E-01,2.088646E+03,2.140719E+03,1.084296E-01,1.891335E-01,1.291793E+03,2.497257E+03,6.706181E-02,2.206338E-01,2.082824E+03,2.018205E+03,1.081273E-01,1.783095E-01,1.283153E+03,1.281196E+03,6.661328E-02,1.131942E-01
08:35:00,7.507093E+02,3.022092E+03,3.897288E-02,2.670031E-01,2.088620E+03,2.145127E+03,1.084283E-01,1.895228E-01,1.291775E+03,2.505343E+03,6.706094E-02,2.213480E-01,2.082798E+03,2.029414E+03,1.081261E-01,1.792997E-01,1.283135E+03,1.287283E+03,6.661241E-02,1.137320E-01
08:40:00,7.507272E+02,3.025489E+03,3.897381E-02,2.673032E-01,2.088596E+03,2.150248E+03,1.084272E-01,1.899753E-01,1.291759E+03,2.512584E+03,6.706014E-02,2.219877E-01,2.082775E+03,2.040702E+03,1.081249E-01,1.802970E-01,1.283119E+03,1.293553E+03,6.661162E-02,1.142859E-01
08:45:00,7.507450E+02,3.029243E+03,3.897473E-02,2.676349E-01,2.088575E+03,2.156553E+03,1.084261E-01,1.905323E-01,1.291744E+03,2.519126E+03,6.705941E-02,2.225657E-01,2.082754E+03,2.052079E+03,1.081239E-01,1.813021E-01,1.283104E+03,1.300006E+03,6.661089E-02,1.148561E-01
08:50:00,7.507628E+02,3.033319E+03,3.897565E-02,2.679950E-01,2.088555E+03,2.164351E+03,1.084251E-01,1.912213E-01,1.291730E+03,2.524046E+03,6.705874E-02,2.230003E-01,2.082734E+03,2.063964E+03,1.081229E-01,1.823522E-01,1.283091E+03,1.306878E+03,6.661022E-02,1.154633E-01
08:55:00,7.507804E+02,3.037683E+03,3.897657E-02,2.683806E-01,2.088537E+03,2.174046E+03,1.084242E-01,1.920779E-01,1.291718E+03,2.528059E+03,6.705813E-02,2.233548E-01,2.082717E+03,2.076056E+03,1.081221E-01,1.834206E-01,1.283078E+03,1.314006E+03,6.660961E-02,1.160930E-01
09:00:00,7.507981E+02,3.042307E+03,3.897749E-02,2.687891E-01,2.088521E+03,2.185951E+03,1.084235E-01,1.931297E-01,1.291707E+03,2.531304E+03,6.705758E-02,2.236416E-01,2.082701E+03,2.088273E+03,1.081213E-01,1.845000E-01,1.283067E+03,1.321337E+03,6.660905E-02,1.167407E-01
09:05:00,7.508156E+02,3.047228E+03,3.897840E-02,2.692242E-01,2.088506E+03,2.200564E+03,1.084227E-01,1.944210E-01,1.291697E+03,2.533725E+03,6.705707E-02,2.238556E-01,2.082686E+03,2.100598E+03,1.081206E-01,1.855890E-01,1.283057E+03,1.328857E+03,6.660855E-02,1.174052E-01
09:10:00,7.508331E+02,3.052352E+03,3.897931E-02,2.696775E-01,2.088493E+03,2.217788E+03,1.084221E-01,1.959432E-01,1.291687E+03,2.535177E+03,6.705661E-02,2.239843E-01,2.082673E+03,2.112960E+03,1.081199E-01,1.866816E-01,1.283048E+03,1.336521E+03,6.660809E-02,1.180826E-01
09:15:00,7.508506E+02,3.057587E+03,3.898021E-02,2.701402E-01,2.088481E+03,2.237616E+03,1.084215E-01,1.976952E-01,1.291679E+03,2.535449E+03,6.705620E-02,2.240085E-01,2.082661E+03,2.125283E+03,1.081194E-01,1.877706E-01,1.283039E+03,1.344280E+03,6.660767E-02,1.187682E-01
09:20:00,7.508680E+02,3.063100E+03,3.898112E-02,2.706276E-01,2.088471E+03,2.260305E+03,1.084210E-01,1.997000E-01,1.291671E+03,2.535398E+03,6.705582E-02,2.240042E-01,2.082651E+03,2.137267E+03,1.081189E-01,1.888295E-01,1.283032E+03,1.351964E+03,6.660730E-02,1.194472E-01
09:25:00,7.508854E+02,3.068682E+03,3.898202E-02,2.711210E-01,2.088461E+03,2.285553E+03,1.084205E-01,2.019309E-01,1.291664E+03,2.533968E+03,6.705549E-02,2.238780E-01,2.082642E+03,2.149037E+03,1.081184E-01,1.898696E-01,1.283025E+03,1.359623E+03,6.660696E-02,1.201240E-01
09:30:00,7.509028E+02,3.074437E+03,3.898292E-02,2.716294E-01,2.088453E+03,2.313326E+03,1.084201E-01,2.043847E-01,1.291658E+03,2.530743E+03,6.705519E-02,2.235930E-01,2.082633E+03,2.160744E+03,1.081180E-01,1.909039E-01,1.283018E+03,1.367342E+03,6.660666E-02,1.208060E-01
09:35:00,7.509201E+02,3.080263E+03,3.898382E-02,2.721438E-01,2.088445E+03,2.343323E+03,1.084197E-01,2.070347E-01,1.291653E+03,2.524751E+03,6.705492E-02,2.230635E-01,2.082626E+03,2.172363E+03,1.081176E-01,1.919303E-01,1.283013E+03,1.375104E+03,6.660638E-02,1.214917E-01
09:40:00,7.509374E+02,3.086285E+03,3.898472E-02,2.726756E-01,2.088439E+03,2.375251E+03,1.084194E-01,2.098554E-01,1.291648E+03,2.515489E+03,6.705468E-02,2.222449E-01,2.082620E+03,2.183989E+03,1.081173E-01,1.929572E-01,1.283008E+03,1.382963E+03,6.660614E-02,1.221859E-01
09:45:00,7.509546E+02,3.092499E+03,3.898561E-02,2.732250E-01,2.088433E+03,2.409214E+03,1.084191E-01,2.128565E-01,1.291644E+03,2.502666E+03,6.705446E-02,2.211122E-01,2.082614E+03,2.195615E+03,1.081171E-01,1.939847E-01,1.283004E+03,1.390918E+03,6.660593E-02,1.228889E-01
09:50:00,7.509718E+02,3.098631E+03,3.898651E-02,2.737667E-01,2.088428E+03,2.445090E+03,1.084189E-01,2.160262E-01,1.291640E+03,2.486015E+03,6.705428E-02,2.196410E-01,2.082610E+03,2.207020E+03,1.081169E-01,1.949923E-01,1.283000E+03,1.398841E+03,6.660574E-02,1.235888E-01
09:55:00,7.509890E+02,3.105050E+03,3.898740E-02,2.743339E-01,2.088424E+03,2.483235E+03,1.084187E-01,2.193965E-01,1.291636E+03,2.465685E+03,6.705411E-02,2.178449E-01,2.082606E+03,2.218484E+03,1.081167E-01,1.960052E-01,1.282996E+03,1.406900E+03,6.660558E-02,1.243009E-01
10:00:00,7.510061E+02,3.111429E+03,3.898829E-02,2.748977E-01,2.088420E+03,2.523365E+03,1.084186E-01,2.229421E-01,1.291633E+03,2.441655E+03,6.705397E-02,2.157218E-01,2.082602E+03,2.229747E+03,1.081165E-01,1.970004E-01,1.282994E+03,1.414943E+03,6.660544E-02,1.250116E-01
10:05:00,7.510232E+02,3.117900E+03,3.898918E-02,2.754694E-01,2.088418E+03,2.565626E+03,1.084184E-01,2.266760E-01,1.291631E+03,2.414841E+03,6.705386E-02,2.133528E-01,2.082600E+03,2.240859E+03,1.081164E-01,1.979822E-01,1.282991E+03,1.423001E+03,6.660532E-02,1.257235E-01
10:10:00,7.510403E+02,3.124357E+03,3.899006E-02,2.760396E-01,2.088415E+03,2.610077E+03,1.084183E-01,2.306031E-01,1.291629E+03,2.385879E+03,6.705375E-02,2.107938E-01,2.082598E+03,2.251745E+03,1.081163E-01,1.989438E-01,1.282989E+03,1.431025E+03,6.660522E-02,1.264323E-01
10:15:00,7.510574E+02,3.130920E+03,3.899095E-02,2.766191E-01,2.088414E+03,2.656426E+03,1.084182E-01,2.346979E-01,1.291627E+03,2.355333E+03,6.705367E-02,2.080947E-01,2.082596E+03,2.262506E+03,1.081162E-01,1.998943E-01,1.282987E+03,1.439066E+03,6.660513E-02,1.271426E-01
10:20:00,7.510744E+02,3.137583E+03,3.899183E-02,2.772083E-01,2.088413E+03,2.704289E+03,1.084182E-01,2.389270E-01,1.291626E+03,2.323993E+03,6.705361E-02,2.053260E-01,2.082595E+03,2.273155E+03,1.081162E-01,2.008354E-01,1.282986E+03,1.447121E+03,6.660506E-02,1.278544E-01
10:25:00,7.510913E+02,3.144076E+03,3.899271E-02,2.777818E-01,2.088412E+03,2.753139E+03,1.084182E-01,2.432430E-01,1.291625E+03,2.292449E+03,6.705355E-02,2.025390E-01,2.082595E+03,2.283499E+03,1.081162E-01,2.017493E-01,1.282985E+03,1.455058E+03,6.660501E-02,1.285556E-01
10:30:00,7.511083E+02,3.150771E+03,3.899359E-02,2.783734E-01,2.088412E+03,2.803039E+03,1.084182E-01,2.476518E-01,1.291624E+03,2.261606E+03,6.705352E-02,1.998141E-01,2.082595E+03,2.293848E+03,1.081162E-01,2.026637E-01,1.282984E+03,1.463044E+03,6.660497E-02,1.292613E-01
10:35:00,7.511252E+02,3.157420E+03,3.899447E-02,2.789615E-01,2.088412E+03,2.853608E+03,1.084182E-01,2.521202E-01,1.291623E+03,2.232081E+03,6.705349E-02,1.972059E-01,2.082595E+03,2.304080E+03,1.081162E-01,2.035681E-01,1.282983E+03,1.470992E+03,6.660495E-02,1.299638E-01
10:40:00,7.511420E+02,3.163985E+03,3.899534E-02,2.795417E-01,2.088412E+03,2.904491E+03,1.084182E-01,2.566160E-01,1.291623E+03,2.204449E+03,6.705348E-02,1.947647E-01,2.082596E+03,2.314182E+03,1.081163E-01,2.044608E-01,1.282983E+03,1.478876E+03,6.660494E-02,1.306604E-01
10:45:00,7.511588E+02,3.170582E+03,3.899622E-02,2.801245E-01,2.088413E+03,2.955564E+03,1.084183E-01,2.611284E-01,1.291623E+03,2.179329E+03,6.705348E-02,1.925453E-01,2.082597E+03,2.324266E+03,1.081163E-01,2.053517E-01,1.282983E+03,1.486743E+03,6.660493E-02,1.313555E-01
10:50:00,7.511756E+02,3.177151E+03,3.899709E-02,2.807050E-01,2.088414E+03,3.006572E+03,1.084183E-01,2.656351E-01,1.291623E+03,2.156923E+03,6.705349E-02,1.905657E-01,2.082598E+03,2.334306E+03,1.081164E-01,2.062388E-01,1.282983E+03,1.494563E+03,6.660494E-02,1.320464E-01
10:55:00,7.511924E+02,3.183783E+03,3.899796E-02,2.812913E-01,2.088416E+03,3.057395E+03,1.084184E-01,2.701258E-01,1.291623E+03,2.137690E+03,6.705351E-02,1.888667E-01,2.082600E+03,2.344388E+03,1.081165E-01,2.071298E-01,1.282983E+03,1.501073E+03,6.660496E-02,1.326218E-01
11:00:00,7.512091E+02,3.190294E+03,3.899883E-02,2.818669E-01,2.088418E+03,3.107683E+03,1.084185E-01,2.745691E-01,1.291624E+03,2.121550E+03,6.705353E-02,1.874409E-01,2.082602E+03,2.354385E+03,1.081166E-01,2.080133E-01,1.282983E+03,1.507169E+03,6.660498E-02,1.331605E-01
11:05:00,7.512258E+02,3.196814E+03,3.899969E-02,2.824429E-01,2.088420E+03,3.157212E+03,1.084186E-01,2.789451E-01,1.291624E+03,2.108486E+03,6.705357E-02,1.862868E-01,2.082604E+03,2.364277E+03,1.081167E-01,2.088873E-01,1.282984E+03,1.512974E+03,6.660502E-02,1.336734E-01
11:10:00,7.512424E+02,3.203403E+03,3.900055E-02,2.830254E-01,2.088422E+03,3.205985E+03,1.084188E-01,2.832546E-01,1.291625E+03,2.098399E+03,6.705361E-02,1.853958E-01,2.082606E+03,2.374127E+03,1.081168E-01,2.097578E-01,1.282985E+03,1.518543E+03,6.660506E-02,1.341656E-01
11:15:00,7.512590E+02,3.209878E+03,3.900142E-02,2.835979E-01,2.088424E+03,3.253771E+03,1.084189E-01,2.874767E-01,1.291626E+03,2.090905E+03,6.705366E-02,1.847340E-01,2.082609E+03,2.383800E+03,1.081170E-01,2.106126E-01,1.282986E+03,1.523802E+03,6.660511E-02,1.346303E-01
11:20:00,7.512756E+02,3.216365E+03,3.900228E-02,2.841710E-01,2.088427E+03,3.300543E+03,1.084190E-01,2.916090E-01,1.291627E+03,2.085487E+03,6.705372E-02,1.842553E-01,2.082612E+03,2.393392E+03,1.081171E-01,2.114600E-01,1.282987E+03,1.528810E+03,6.660517E-02,1.350727E-01
11:25:00,7.512921E+02,3.222845E+03,3.900313E-02,2.847435E-01,2.088430E+03,3.346191E+03,1.084192E-01,2.956419E-01,1.291628E+03,2.080564E+03,6.705378E-02,1.838204E-01,2.082615E+03,2.402890E+03,1.081173E-01,2.122992E-01,1.282988E+03,1.534865E+03,6.660523E-02,1.356077E-01
11:30:00,7.513086E+02,3.229308E+03,3.900399E-02,2.853145E-01,2.088433E+03,3.390628E+03,1.084193E-01,2.995680E-01,1.291629E+03,2.075884E+03,6.705384E-02,1.834069E-01,2.082618E+03,2.412285E+03,1.081175E-01,2.131292E-01,1.282989E+03,1.540981E+03,6.660529E-02,1.361481E-01
11:35:00,7.513250E+02,3.236010E+03,3.900484E-02,2.859066E-01,2.088436E+03,3.434121E+03,1.084195E-01,3.034106E-01,1.291631E+03,2.072615E+03,6.705392E-02,1.831182E-01,2.082621E+03,2.421896E+03,1.081176E-01,2.139783E-01,1.282990E+03,1.547205E+03,6.660536E-02,1.366980E-01
11:40:00,7.513414E+02,3.242388E+03,3.900569E-02,2.864716E-01,2.088439E+03,3.476187E+03,1.084197E-01,3.071287E-01,1.291632E+03,2.069221E+03,6.705399E-02,1.828191E-01,2.082625E+03,2.431290E+03,1.081178E-01,2.148094E-01,1.282992E+03,1.553266E+03,6.660544E-02,1.372342E-01
11:45:00,7.513578E+02,3.248858E+03,3.900654E-02,2.870448E-01,2.088443E+03,3.517035E+03,1.084199E-01,3.107392E-01,1.291634E+03,2.065537E+03,6.705407E-02,1.824945E-01,2.082628E+03,2.440771E+03,1.081180E-01,2.156483E-01,1.282993E+03,1.559330E+03,6.660552E-02,1.377706E-01
11:50:00,7.513741E+02,3.255251E+03,3.900739E-02,2.876112E-01,2.088446E+03,3.556525E+03,1.084201E-01,3.142299E-01,1.291635E+03,2.061563E+03,6.705416E-02,1.821443E-01,2.082632E+03,2.450209E+03,1.081182E-01,2.164833E-01,1.282995E+03,1.565320E+03,6.660560E-02,1.383006E-01
11:55:00,7.513903E+02,3.261581E+03,3.900823E-02,2.881721E-01,2.088450E+03,3.594632E+03,1.084202E-01,3.175983E-01,1.291637E+03,2.058360E+03,6.705425E-02,1.818621E-01,2.082636E+03,2.459608E+03,1.081184E-01,2.173149E-01,1.282997E+03,1.571240E+03,6.660569E-02,1.388243E-01
12:00:00,7.514066E+02,3.267842E+03,3.900908E-02,2.887269E-01,2.088454E+03,3.631308E+03,1.084204E-01,3.208404E-01,1.291639E+03,2.055658E+03,6.705434E-02,1.816243E-01,2.082640E+03,2.468958E+03,1.081186E-01,2.181421E-01,1.282998E+03,1.577085E+03,6.660578E-02,1.393415E-01
12:05:00,7.514227E+02,3.273760E+03,3.900992E-02,2.892513E-01,2.088458E+03,3.666244E+03,1.084206E-01,3.239288E-01,1.291640E+03,2.051866E+03,6.705443E-02,1.812901E-01,2.082644E+03,2.477992E+03,1.081188E-01,2.189415E-01,1.283000E+03,1.582703E+03,6.660588E-02,1.398385E-01
12:10:00,7.514389E+02,3.279881E+03,3.901075E-02,2.897922E-01,2.088462E+03,3.699820E+03,1.084209E-01,3.268954E-01,1.291642E+03,2.048165E+03,6.705453E-02,1.809632E-01,2.082648E+03,2.487118E+03,1.081190E-01,2.197478E-01,1.283002E+03,1.588332E+03,6.660597E-02,1.403359E-01
12:15:00,7.514550E+02,3.285770E+03,3.901159E-02,2.903125E-01,2.088466E+03,3.731700E+03,1.084211E-01,3.297120E-01,1.291644E+03,2.044527E+03,6.705463E-02,1.806418E-01,2.082652E+03,2.496006E+03,1.081193E-01,2.205332E-01,1.283004E+03,1.593791E+03,6.660607E-02,1.408182E-01
12:20:00,7.514710E+02,3.291580E+03,3.901242E-02,2.908259E-01,2.088470E+03,3.761958E+03,1.084213E-01,3.323853E-01,1.291646E+03,2.041016E+03,6.705473E-02,1.803316E-01,2.082656E+03,2.504767E+03,1.081195E-01,2.213072E-01,1.283006E+03,1.599146E+03,6.660618E-02,1.412913E-01
12:25:00,7.514870E+02,3.297279E+03,3.901325E-02,2.913294E-01,2.088474E+03,3.790577E+03,1.084215E-01,3.349137E-01,1.291648E+03,2.037453E+03,6.705483E-02,1.800168E-01,2.082661E+03,2.513370E+03,1.081197E-01,2.220673E-01,1.283008E+03,1.604384E+03,6.660628E-02,1.417541E-01
12:30:00,7.515030E+02,3.302858E+03,3.901408E-02,2.918223E-01,2.088478E+03,3.817533E+03,1.084217E-01,3.372953E-01,1.291650E+03,2.033968E+03,6.705494E-02,1.797089E-01,2.082665E+03,2.521807E+03,1.081199E-01,2.228127E-01,1.283010E+03,1.609504E+03,6.660639E-02,1.422065E-01
12:35:00,7.515189E+02,3.308312E+03,3.901491E-02,2.923041E-01,2.088482E+03,3.842839E+03,1.084219E-01,3.395311E-01,1.291652E+03,2.030617E+03,6.705505E-02,1.794129E-01,2.082670E+03,2.530121E+03,1.081202E-01,2.235473E-01,1.283012E+03,1.614536E+03,6.660649E-02,1.426511E-01
12:40:00,7.515348E+02,3.313634E+03,3.901573E-02,2.927743E-01,2.088487E+03,3.866432E+03,1.084222E-01,3.416156E-01,1.291654E+03,2.027406E+03,6.705516E-02,1.791291E-01,2.082674E+03,2.538305E+03,1.081204E-01,2.242704E-01,1.283014E+03,1.619480E+03,6.660660E-02,1.430879E-01
12:45:00,7.515506E+02,3.318819E+03,3.901655E-02,2.932325E-01,2.088491E+03,3.888205E+03,1.084224E-01,3.435392E-01,1.291656E+03,2.024337E+03,6.705527E-02,1.788580E-01,2.082679E+03,2.546353E+03,1.081206E-01,2.249814E-01,1.283016E+03,1.624334E+03,6.660671E-02,1.435167E-01
12:50:00,7.515664E+02,3.323864E+03,3.901737E-02,2.936782E-01,2.088496E+03,3.908174E+03,1.084226E-01,3.453034E-01,1.291659E+03,2.021412E+03,6.705538E-02,1.785996E-01,2.082683E+03,2.554259E+03,1.081209E-01,2.256799E-01,1.283018E+03,1.628932E+03,6.660683E-02,1.439230E-01
12:55:00,7.515821E+02,3.328764E+03,3.901819E-02,2.941111E-01,2.088500E+03,3.926271E+03,1.084229E-01,3.469023E-01,1.291661E+03,2.018632E+03,6.705549E-02,1.783539E-01,2.082688E+03,2.562019E+03,1.081211E-01,2.263655E-01,1.283020E+03,1.633399E+03,6.660694E-02,1.443177E-01
13:00:00,7.515978E+02,3.333514E+03,3.901900E-02,2.945308E-01,2.088504E+03,3.942443E+03,1.084231E-01,3.483311E-01,1.291663E+03,2.015993E+03,6.705561E-02,1.781207E-01,2.082692E+03,2.569629E+03,1.081214E-01,2.270379E-01,1.283023E+03,1.637752E+03,6.660705E-02,1.447023E-01
13:05:00,7.516134E+02,3.338111E+03,3.901981E-02,2.949369E-01,2.088509E+03,3.956570E+03,1.084233E-01,3.495791E-01,1.291665E+03,2.013446E+03,6.705572E-02,1.778957E-01,2.082697E+03,2.577003E+03,1.081216E-01,2.276894E-01,1.283025E+03,1.640634E+03,6.660717E-02,1.449569E-01
13:10:00,7.516290E+02,3.342548E+03,3.902062E-02,2.953289E-01,2.088513E+03,3.968633E+03,1.084236E-01,3.506449E-01,1.291667E+03,2.010991E+03,6.705584E-02,1.776789E-01,2.082702E+03,2.584137E+03,1.081219E-01,2.283197E-01,1.283027E+03,1.642102E+03,6.660728E-02,1.450866E-01
13:15:00,7.516445E+02,3.346817E+03,3.902143E-02,2.957062E-01,2.088518E+03,3.978656E+03,1.084238E-01,3.515304E-01,1.291670E+03,2.008617E+03,6.705595E-02,1.774691E-01,2.082707E+03,2.591023E+03,1.081221E-01,2.289281E-01,1.283029E+03,1.642191E+03,6.660740E-02,1.450944E-01
13:20:00,7.516600E+02,3.350915E+03,3.902223E-02,2.960682E-01,2.088523E+03,3.986540E+03,1.084240E-01,3.522269E-01,1.291672E+03,2.006312E+03,6.705607E-02,1.772654E-01,2.082711E+03,2.597654E+03,1.081223E-01,2.295140E-01,1.283032E+03,1.641230E+03,6.660752E-02,1.450094E-01
13:25:00,7.516754E+02,3.354835E+03,3.902304E-02,2.964146E-01,2.088527E+03,3.992250E+03,1.084243E-01,3.527313E-01,1.291674E+03,2.004066E+03,6.705619E-02,1.770670E-01,2.082716E+03,2.604022E+03,1.081226E-01,2.300766E-01,1.283034E+03,1.639255E+03,6.660764E-02,1.448349E-01
13:30:00,7.516908E+02,3.358579E+03,3.902383E-02,2.967454E-01,2.088532E+03,3.995761E+03,1.084245E-01,3.530415E-01,1.291676E+03,2.001867E+03,6.705631E-02,1.768727E-01,2.082721E+03,2.610128E+03,1.081228E-01,2.306161E-01,1.283036E+03,1.636843E+03,6.660776E-02,1.446218E-01
13:35:00,7.517062E+02,3.362147E+03,3.902463E-02,2.970606E-01,2.088536E+03,3.997132E+03,1.084247E-01,3.531625E-01,1.291679E+03,2.001093E+03,6.705643E-02,1.768043E-01,2.082726E+03,2.616054E+03,1.081231E-01,2.311397E-01,1.283038E+03,1.635953E+03,6.660787E-02,1.445431E-01
13:40:00,7.517215E+02,3.365545E+03,3.902543E-02,2.973608E-01,2.088541E+03,3.996341E+03,1.084250E-01,3.530925E-01,1.291681E+03,2.000719E+03,6.705655E-02,1.767713E-01,2.082730E+03,2.621804E+03,1.081233E-01,2.316477E-01,1.283041E+03,1.637209E+03,6.660799E-02,1.446541E-01
13:45:00,7.517367E+02,3.368781E+03,3.902622E-02,2.976467E-01,2.088546E+03,3.993358E+03,1.084252E-01,3.528289E-01,1.291683E+03,2.000585E+03,6.705667E-02,1.767595E-01,2.082735E+03,2.627393E+03,1.081236E-01,2.321415E-01,1.283043E+03,1.641287E+03,6.660811E-02,1.450144E-01
13:50:00,7.517519E+02,3.371863E+03,3.902701E-02,2.979190E-01,2.088550E+03,3.988238E+03,1.084255E-01,3.523765E-01,1.291686E+03,2.000656E+03,6.705679E-02,1.767657E-01,2.082740E+03,2.632844E+03,1.081238E-01,2.326231E-01,1.283045E+03,1.648819E+03,6.660823E-02,1.456799E-01
13:55:00,7.517671E+02,3.374801E+03,3.902779E-02,2.981785E-01,2.088555E+03,3.981042E+03,1.084257E-01,3.517406E-01,1.291688E+03,2.000899E+03,6.705691E-02,1.767873E-01,2.082745E+03,2.638168E+03,1.081241E-01,2.330935E-01,1.283048E+03,1.660468E+03,6.660835E-02,1.467092E-01
14:00:00,7.517822E+02,3.377596E+03,3.902858E-02,2.984255E-01,2.088560E+03,3.971848E+03,1.084260E-01,3.509282E-01,1.291690E+03,2.001291E+03,6.705703E-02,1.768219E-01,2.082750E+03,2.643375E+03,1.081243E-01,2.335535E-01,1.283050E+03,1.676471E+03,6.660848E-02,1.481231E-01
14:05:00,7.517973E+02,3.380257E+03,3.902936E-02,2.986606E-01,2.088564E+03,3.960626E+03,1.084262E-01,3.499367E-01,1.291692E+03,2.000385E+03,6.705715E-02,1.767418E-01,2.082754E+03,2.648344E+03,1.081246E-01,2.339925E-01,1.283052E+03,1.696956E+03,6.660860E-02,1.499331E-01
14:10:00,7.518123E+02,3.382787E+03,3.903014E-02,2.988842E-01,2.088569E+03,3.947492E+03,1.084264E-01,3.487762E-01,1.291695E+03,1.999159E+03,6.705727E-02,1.766335E-01,2.082759E+03,2.653081E+03,1.081248E-01,2.344110E-01,1.283055E+03,1.722002E+03,6.660872E-02,1.521461E-01
14:15:00,7.518273E+02,3.385190E+03,3.903092E-02,2.990965E-01,2.088574E+03,3.932598E+03,1.084267E-01,3.474602E-01,1.291697E+03,1.997757E+03,6.705739E-02,1.765096E-01,2.082764E+03,2.657601E+03,1.081251E-01,2.348104E-01,1.283057E+03,1.751582E+03,6.660884E-02,1.547598E-01
14:20:00,7.518422E+02,3.387469E+03,3.903169E-02,2.992978E-01,2.088578E+03,3.916038E+03,1.084269E-01,3.459970E-01,1.291699E+03,1.996183E+03,6.705751E-02,1.763706E-01,2.082769E+03,2.661908E+03,1.081253E-01,2.351909E-01,1.283059E+03,1.785456E+03,6.660896E-02,1.577528E-01
14:25:00,7.518570E+02,3.389627E+03,3.903246E-02,2.994884E-01,2.088583E+03,3.897936E+03,1.084272E-01,3.443975E-01,1.291702E+03,1.994444E+03,6.705763E-02,1.762169E-01,2.082774E+03,2.666018E+03,1.081256E-01,2.355540E-01,1.283062E+03,1.823351E+03,6.660908E-02,1.611011E-01
14:30:00,7.518719E+02,3.391665E+03,3.903323E-02,2.996686E-01,2.088587E+03,3.878429E+03,1.084274E-01,3.426740E-01,1.291704E+03,1.992536E+03,6.705775E-02,1.760484E-01,2.082778E+03,2.669942E+03,1.081258E-01,2.359007E-01,1.283064E+03,1.864820E+03,6.660920E-02,1.647652E-01
14:35:00,7.518866E+02,3.393587E+03,3.903400E-02,2.998383E-01,2.088592E+03,3.857819E+03,1.084276E-01,3.408529E-01,1.291706E+03,1.990537E+03,6.705787E-02,1.758717E-01,2.082783E+03,2.673821E+03,1.081261E-01,2.362434E-01,1.283066E+03,1.909286E+03,6.660932E-02,1.686941E-01
14:40:00,7.519014E+02,3.395391E+03,3.903476E-02,2.999977E-01,2.088597E+03,3.836287E+03,1.084279E-01,3.389505E-01,1.291709E+03,1.988446E+03,6.705799E-02,1.756870E-01,2.082788E+03,2.677670E+03,1.081263E-01,2.365835E-01,1.283069E+03,1.956097E+03,6.660944E-02,1.728301E-01
14:45:00,7.519160E+02,3.397077E+03,3.903553E-02,3.001467E-01,2.088601E+03,3.814015E+03,1.084281E-01,3.369827E-01,1.291711E+03,1.986253E+03,6.705811E-02,1.754932E-01,2.082793E+03,2.681482E+03,1.081266E-01,2.369203E-01,1.283071E+03,2.004576E+03,6.660957E-02,1.771135E-01
14:50:00,7.519307E+02,3.398645E+03,3.903628E-02,3.002852E-01,2.088606E+03,3.791240E+03,1.084284E-01,3.349704E-01,1.291713E+03,1.983953E+03,6.705823E-02,1.752900E-01,2.082798E+03,2.685254E+03,1.081268E-01,2.372536E-01,1.283073E+03,2.054127E+03,6.660969E-02,1.814917E-01
14:55:00,7.519452E+02,3.400092E+03,3.903704E-02,3.004130E-01,2.088611E+03,3.768178E+03,1.084286E-01,3.329327E-01,1.291716E+03,1.981541E+03,6.705836E-02,1.750769E-01,2.082802E+03,2.688981E+03,1.081271E-01,2.375828E-01,1.283076E+03,2.103984E+03,6.660981E-02,1.858968E-01
15:00:00,7.519598E+02,3.401415E+03,3.903780E-02,3.005299E-01,2.088615E+03,3.745043E+03,1.084288E-01,3.308886E-01,1.291718E+03,1.979012E+03,6.705848E-02,1.748534E-01,2.082807E+03,2.692651E+03,1.081273E-01,2.379071E-01,1.283078E+03,2.152892E+03,6.660993E-02,1.902182E-01
15:05:00,7.519743E+02,3.402611E+03,3.903855E-02,3.006356E-01,2.088620E+03,3.721888E+03,1.084291E-01,3.288428E-01,1.291720E+03,1.976259E+03,6.705860E-02,1.746102E-01,2.082812E+03,2.696077E+03,1.081276E-01,2.382098E-01,1.283080E+03,2.200224E+03,6.661005E-02,1.944001E-01
15:10:00,7.519887E+02,3.403675E+03,3.903930E-02,3.007296E-01,2.088624E+03,3.698926E+03,1.084293E-01,3.268140E-01,1.291723E+03,1.973289E+03,6.705872E-02,1.743477E-01,2.082817E+03,2.699243E+03,1.081278E-01,2.384895E-01,1.283083E+03,2.245595E+03,6.661017E-02,1.984088E-01
15:15:00,7.520031E+02,3.404599E+03,3.904005E-02,3.008112E-01,2.088629E+03,3.676358E+03,1.084296E-01,3.248201E-01,1.291725E+03,1.970096E+03,6.705884E-02,1.740657E-01,2.082821E+03,2.702116E+03,1.081281E-01,2.387433E-01,1.283085E+03,2.288750E+03,6.661029E-02,2.022217E-01
15:20:00,7.520174E+02,3.405377E+03,3.904079E-02,3.008799E-01,2.088634E+03,3.654336E+03,1.084298E-01,3.228743E-01,1.291727E+03,1.966677E+03,6.705896E-02,1.737635E-01,2.082826E+03,2.704659E+03,1.081283E-01,2.389681E-01,1.283087E+03,2.329522E+03,6.661041E-02,2.058240E-01
15:25:00,7.520317E+02,3.406002E+03,3.904153E-02,3.009352E-01,2.088638E+03,3.633005E+03,1.084300E-01,3.209897E-01,1.291730E+03,1.963024E+03,6.705907E-02,1.734408E-01,2.082831E+03,2.706840E+03,1.081286E-01,2.391607E-01,1.283089E+03,2.367968E+03,6.661053E-02,2.092208E-01
15:30:00,7.520460E+02,3.406471E+03,3.904227E-02,3.009766E-01,2.088643E+03,3.612492E+03,1.084303E-01,3.191772E-01,1.291732E+03,1.959134E+03,6.705919E-02,1.730971E-01,2.082835E+03,2.708626E+03,1.081288E-01,2.393185E-01,1.283092E+03,2.404852E+03,6.661065E-02,2.124795E-01
15:35:00,7.520602E+02,3.406780E+03,3.904301E-02,3.010039E-01,2.088647E+03,3.593035E+03,1.084305E-01,3.174581E-01,1.291734E+03,1.955108E+03,6.705931E-02,1.727414E-01,2.082840E+03,2.710162E+03,1.081290E-01,2.394542E-01,1.283094E+03,2.440588E+03,6.661077E-02,2.156369E-01
15:40:00,7.520744E+02,3.406780E+03,3.904374E-02,3.010031E-01,2.088652E+03,3.574734E+03,1.084307E-01,3.158406E-01,1.291736E+03,1.950575E+03,6.705943E-02,1.723405E-01,2.082845E+03,2.710809E+03,1.081293E-01,2.395107E-01,1.283096E+03,2.476368E+03,6.661089E-02,2.187975E-01
15:45:00,7.520885E+02,3.407068E+03,3.904448E-02,3.010270E-01,2.088656E+03,3.558023E+03,1.084310E-01,3.143626E-01,1.291739E+03,1.945979E+03,6.705955E-02,1.719336E-01,2.082850E+03,2.711353E+03,1.081295E-01,2.395575E-01,1.283099E+03,2.512031E+03,6.661100E-02,2.219473E-01
15:50:00,7.521025E+02,3.406744E+03,3.904521E-02,3.009975E-01,2.088661E+03,3.542630E+03,1.084312E-01,3.130018E-01,1.291741E+03,1.940995E+03,6.705967E-02,1.714928E-01,2.082854E+03,2.711202E+03,1.081298E-01,2.395436E-01,1.283101E+03,2.547237E+03,6.661112E-02,2.250572E-01
15:55:00,7.521166E+02,3.406352E+03,3.904594E-02,3.009612E-01,2.088665E+03,3.528773E+03,1.084315E-01,3.117761E-01,1.291743E+03,1.935853E+03,6.705979E-02,1.710377E-01,2.082859E+03,2.710756E+03,1.081300E-01,2.395030E-01,1.283103E+03,2.582380E+03,6.661124E-02,2.281610E-01
16:00:00,7.521305E+02,3.405841E+03,3.904666E-02,3.009145E-01,2.088670E+03,3.516415E+03,1.084317E-01,3.106828E-01,1.291746E+03,1.930539E+03,6.705990E-02,1.705674E-01,2.082864E+03,2.709980E+03,1.081303E-01,2.394332E-01,1.283105E+03,2.617544E+03,6.661136E-02,2.312666E-01
16:05:00,7.521445E+02,3.405203E+03,3.904738E-02,3.008565E-01,2.088674E+03,3.505499E+03,1.084319E-01,3.097169E-01,1.291748E+03,1.925020E+03,6.706002E-02,1.700789E-01,2.082868E+03,2.708809E+03,1.081305E-01,2.393285E-01,1.283108E+03,2.652745E+03,6.661148E-02,2.343754E-01
16:10:00,7.521583E+02,3.404586E+03,3.904810E-02,3.008011E-01,2.088679E+03,3.495923E+03,1.084321E-01,3.088701E-01,1.291750E+03,1.919657E+03,6.706014E-02,1.696046E-01,2.082873E+03,2.707856E+03,1.081307E-01,2.392436E-01,1.283110E+03,2.687049E+03,6.661159E-02,2.374056E-01
16:15:00,7.521722E+02,3.403401E+03,3.904882E-02,3.006964E-01,2.088683E+03,3.487183E+03,1.084324E-01,3.080979E-01,1.291752E+03,1.914010E+03,6.706026E-02,1.691057E-01,2.082877E+03,2.706322E+03,1.081310E-01,2.391081E-01,1.283112E+03,2.720823E+03,6.661171E-02,2.403895E-01
16:20:00,7.521860E+02,3.402552E+03,3.904954E-02,3.006207E-01,2.088688E+03,3.479384E+03,1.084326E-01,3.074081E-01,1.291755E+03,1.908407E+03,6.706037E-02,1.686103E-01,2.082882E+03,2.702556E+03,1.081312E-01,2.387747E-01,1.283114E+03,2.754532E+03,6.661183E-02,2.433672E-01
16:25:00,7.521997E+02,3.401496E+03,3.905025E-02,3.005273E-01,2.088692E+03,3.472054E+03,1.084328E-01,3.067606E-01,1.291757E+03,1.902622E+03,6.706049E-02,1.680992E-01,2.082887E+03,2.697849E+03,1.081314E-01,2.383588E-01,1.283117E+03,2.787786E+03,6.661195E-02,2.463052E-01
16:30:00,7.522134E+02,3.400280E+03,3.905096E-02,3.004199E-01,2.088697E+03,3.464888E+03,1.084331E-01,3.061274E-01,1.291759E+03,1.896672E+03,6.706060E-02,1.675735E-01,2.082891E+03,2.692491E+03,1.081317E-01,2.378854E-01,1.283119E+03,2.820389E+03,6.661206E-02,2.491856E-01
16:35:00,7.522270E+02,3.398916E+03,3.905167E-02,3.002993E-01,2.088701E+03,3.457531E+03,1.084333E-01,3.054775E-01,1.291761E+03,1.890594E+03,6.706072E-02,1.670365E-01,2.082896E+03,2.686584E+03,1.081319E-01,2.373635E-01,1.283121E+03,2.852127E+03,6.661218E-02,2.519897E-01
16:40:00,7.522407E+02,3.397409E+03,3.905238E-02,3.001662E-01,2.088705E+03,3.449530E+03,1.084335E-01,3.047706E-01,1.291763E+03,1.884388E+03,6.706084E-02,1.664882E-01,2.082900E+03,2.680150E+03,1.081322E-01,2.367950E-01,1.283123E+03,2.883017E+03,6.661229E-02,2.547188E-01
16:45:00,7.522542E+02,3.395808E+03,3.905308E-02,3.000248E-01,2.088710E+03,3.443133E+03,1.084338E-01,3.042054E-01,1.291766E+03,1.878057E+03,6.706095E-02,1.659288E-01,2.082905E+03,2.673206E+03,1.081324E-01,2.361815E-01,1.283126E+03,2.912995E+03,6.661241E-02,2.573674E-01
16:50:00,7.522677E+02,3.394210E+03,3.905378E-02,2.998836E-01,2.088714E+03,3.436000E+03,1.084340E-01,3.035753E-01,1.291768E+03,1.871607E+03,6.706106E-02,1.653590E-01,2.082909E+03,2.668001E+03,1.081326E-01,2.357217E-01,1.283128E+03,2.942058E+03,6.661252E-02,2.599351E-01
16:55:00,7.522812E+02,3.392730E+03,3.905448E-02,2.997529E-01,2.088719E+03,3.427952E+03,1.084342E-01,3.028642E-01,1.291770E+03,1.865048E+03,6.706118E-02,1.647794E-01,2.082914E+03,2.662850E+03,1.081329E-01,2.352666E-01,1.283130E+03,2.970010E+03,6.661264E-02,2.624047E-01
17:00:00,7.522946E+02,3.391477E+03,3.905518E-02,2.996421E-01,2.088723E+03,3.419002E+03,1.084344E-01,3.020735E-01,1.291772E+03,1.858386E+03,6.706129E-02,1.641909E-01,2.082918E+03,2.657503E+03,1.081331E-01,2.347941E-01,1.283132E+03,2.996695E+03,6.661275E-02,2.647623E-01
17:05:00,7.523080E+02,3.390539E+03,3.905587E-02,2.995592E-01,2.088727E+03,3.409223E+03,1.084347E-01,3.012094E-01,1.291775E+03,1.851597E+03,6.706141E-02,1.635911E-01,2.082923E+03,2.651873E+03,1.081333E-01,2.342967E-01,1.283134E+03,3.021915E+03,6.661287E-02,2.669905E-01
17:10:00,7.523213E+02,3.389984E+03,3.905657E-02,2.995103E-01,2.088732E+03,3.398925E+03,1.084349E-01,3.002996E-01,1.291777E+03,1.844685E+03,6.706152E-02,1.629804E-01,2.082927E+03,2.645940E+03,1.081336E-01,2.337725E-01,1.283137E+03,3.045216E+03,6.661298E-02,2.690491E-01
17:15:00,7.523346E+02,3.389823E+03,3.905726E-02,2.994960E-01,2.088736E+03,3.385694E+03,1.084351E-01,2.991306E-01,1.291779E+03,1.837653E+03,6.706163E-02,1.623591E-01,2.082932E+03,2.639689E+03,1.081338E-01,2.332202E-01,1.283139E+03,3.066215E+03,6.661309E-02,2.709044E-01
17:20:00,7.523479E+02,3.390003E+03,3.905794E-02,2.995119E-01,2.088740E+03,3.371314E+03,1.084353E-01,2.978601E-01,1.291781E+03,1.830259E+03,6.706175E-02,1.617058E-01,2.082936E+03,2.632695E+03,1.081340E-01,2.326023E-01,1.283141E+03,3.085158E+03,6.661321E-02,2.725780E-01
17:25:00,7.523611E+02,3.390443E+03,3.905863E-02,2.995508E-01,2.088744E+03,3.356293E+03,1.084356E-01,2.965329E-01,1.291783E+03,1.822660E+03,6.706186E-02,1.610344E-01,2.082940E+03,2.625236E+03,1.081342E-01,2.319433E-01,1.283143E+03,3.101457E+03,6.661332E-02,2.740180E-01
17:30:00,7.523742E+02,3.391063E+03,3.905931E-02,2.996056E-01,2.088749E+03,3.340819E+03,1.084358E-01,2.951658E-01,1.291785E+03,1.814893E+03,6.706197E-02,1.603482E-01,2.082945E+03,2.617403E+03,1.081345E-01,2.312512E-01,1.283145E+03,3.114842E+03,6.661343E-02,2.752005E-01
17:35:00,7.523874E+02,3.391784E+03,3.905999E-02,2.996693E-01,2.088753E+03,3.324993E+03,1.084360E-01,2.937675E-01,1.291788E+03,1.807161E+03,6.706208E-02,1.596650E-01,2.082949E+03,2.609298E+03,1.081347E-01,2.305351E-01,1.283148E+03,3.125206E+03,6.661354E-02,2.761162E-01
17:40:00,7.524004E+02,3.392536E+03,3.906067E-02,2.997357E-01,2.088757E+03,3.311047E+03,1.084362E-01,2.925354E-01,1.291790E+03,1.799341E+03,6.706219E-02,1.589742E-01,2.082954E+03,2.600969E+03,1.081349E-01,2.297993E-01,1.283150E+03,3.132504E+03,6.661366E-02,2.767609E-01
17:45:00,7.524135E+02,3.393262E+03,3.906135E-02,2.997998E-01,2.088761E+03,3.297278E+03,1.084364E-01,2.913189E-01,1.291792E+03,1.791418E+03,6.706231E-02,1.582742E-01,2.082958E+03,2.592682E+03,1.081352E-01,2.290670E-01,1.283152E+03,3.136645E+03,6.661377E-02,2.771268E-01
17:50:00,7.524264E+02,3.393907E+03,3.906202E-02,2.998569E-01,2.088766E+03,3.283879E+03,1.084367E-01,2.901351E-01,1.291794E+03,1.783631E+03,6.706242E-02,1.575862E-01,2.082962E+03,2.585332E+03,1.081354E-01,2.284177E-01,1.283154E+03,3.136919E+03,6.661388E-02,2.771509E-01
17:55:00,7.524394E+02,3.394423E+03,3.906269E-02,2.999024E-01,2.088770E+03,3.270480E+03,1.084369E-01,2.889513E-01,1.291796E+03,1.777155E+03,6.706253E-02,1.570140E-01,2.082967E+03,2.578841E+03,1.081356E-01,2.278442E-01,1.283156E+03,3.133700E+03,6.661399E-02,2.768665E-01
18:00:00,7.524523E+02,3.394765E+03,3.906336E-02,2.999326E-01,2.088774E+03,3.256929E+03,1.084371E-01,2.877540E-01,1.291798E+03,1.770953E+03,6.706264E-02,1.564661E-01,2.082971E+03,2.575128E+03,1.081358E-01,2.275161E-01,1.283158E+03,3.127045E+03,6.661410E-02,2.762785E-01
18:05:00,7.524651E+02,3.394894E+03,3.906403E-02,2.999440E-01,2.134702E+03,3.243066E+03,1.108214E-01,2.865292E-01,1.322416E+03,1.764629E+03,6.865214E-02,1.559073E-01,2.128899E+03,2.572030E+03,1.105202E-01,2.272424E-01,1.313776E+03,3.116813E+03,6.820361E-02,2.753745E-01
18:10:00,7.524779E+02,3.394765E+03,3.906470E-02,2.999326E-01,2.180645E+03,3.226881E+03,1.132065E-01,2.850992E-01,1.353045E+03,1.758291E+03,7.024219E-02,1.553473E-01,2.174842E+03,2.568872E+03,1.129052E-01,2.269634E-01,1.344405E+03,3.102694E+03,6.979366E-02,2.741269E-01
18:15:00,7.524907E+02,3.394301E+03,3.906536E-02,2.998917E-01,2.226598E+03,3.209871E+03,1.155920E-01,2.835964E-01,1.383680E+03,1.751950E+03,7.183253E-02,1.547871E-01,2.220795E+03,2.565148E+03,1.152908E-01,2.266344E-01,1.375040E+03,3.084367E+03,7.138399E-02,2.725077E-01
18:20:00,7.525035E+02,3.393398E+03,3.906602E-02,2.998118E-01,2.272569E+03,3.192279E+03,1.179785E-01,2.820421E-01,1.414327E+03,1.745605E+03,7.342351E-02,1.542265E-01,2.266766E+03,2.560258E+03,1.176772E-01,2.262024E-01,1.405687E+03,3.061527E+03,7.297497E-02,2.704897E-01
18:25:00,7.525162E+02,3.391940E+03,3.906668E-02,2.996831E-01,2.318557E+03,3.174140E+03,1.203658E-01,2.804394E-01,1.444986E+03,1.737925E+03,7.501502E-02,1.535480E-01,2.312753E+03,2.553994E+03,1.200645E-01,2.256489E-01,1.436346E+03,3.035487E+03,7.456648E-02,2.681890E-01
18:30:00,7.525290E+02,3.389819E+03,3.906734E-02,2.994956E-01,2.364559E+03,3.155471E+03,1.227538E-01,2.787900E-01,1.475654E+03,1.729910E+03,7.660703E-02,1.528398E-01,2.358755E+03,2.544427E+03,1.224525E-01,2.248037E-01,1.467014E+03,3.004782E+03,7.615847E-02,2.654762E-01
18:35:00,7.525418E+02,3.386927E+03,3.906801E-02,2.992401E-01,2.364651E+03,3.138687E+03,1.227583E-01,2.773071E-01,1.475716E+03,1.721789E+03,7.661007E-02,1.521223E-01,2.358847E+03,2.534073E+03,1.224570E-01,2.238889E-01,1.467075E+03,2.970460E+03,7.616150E-02,2.624438E-01
18:40:00,7.525546E+02,3.383176E+03,3.906868E-02,2.989087E-01,2.364739E+03,3.121799E+03,1.227627E-01,2.758151E-01,1.475775E+03,1.713582E+03,7.661296E-02,1.513973E-01,2.358935E+03,2.523272E+03,1.224614E-01,2.229346E-01,1.467134E+03,2.930850E+03,7.616438E-02,2.589441E-01
18:45:00,7.525676E+02,3.378512E+03,3.906935E-02,2.984966E-01,2.364830E+03,3.104518E+03,1.227672E-01,2.742883E-01,1.475835E+03,1.705176E+03,7.661593E-02,1.506546E-01,2.359025E+03,2.512220E+03,1.224658E-01,2.219582E-01,1.467194E+03,2.885774E+03,7.616734E-02,2.549615E-01
18:50:00,7.525807E+02,3.372920E+03,3.907003E-02,2.980025E-01,2.364912E+03,3.087031E+03,1.227712E-01,2.727433E-01,1.475889E+03,1.696659E+03,7.661858E-02,1.499021E-01,2.359107E+03,2.501008E+03,1.224699E-01,2.209675E-01,1.467248E+03,2.834722E+03,7.616998E-02,2.504510E-01
18:55:00,7.525939E+02,3.366416E+03,3.907071E-02,2.974279E-01,2.364986E+03,3.069379E+03,1.227749E-01,2.711837E-01,1.475938E+03,1.688042E+03,7.662100E-02,1.491408E-01,2.359181E+03,2.491744E+03,1.224735E-01,2.201490E-01,1.467296E+03,2.777501E+03,7.617239E-02,2.453954E-01
19:00:00,7.526071E+02,3.359033E+03,3.907140E-02,2.967756E-01,2.365055E+03,3.051567E+03,1.227783E-01,2.696099E-01,1.475983E+03,1.679310E+03,7.662322E-02,1.483692E-01,2.359250E+03,2.482529E+03,1.224769E-01,2.193348E-01,1.467341E+03,2.714903E+03,7.617461E-02,2.398648E-01
19:05:00,7.526205E+02,3.350820E+03,3.907210E-02,2.960500E-01,2.365119E+03,3.033538E+03,1.227815E-01,2.680171E-01,1.476024E+03,1.671910E+03,7.662525E-02,1.477155E-01,2.359313E+03,2.474751E+03,1.224801E-01,2.186476E-01,1.467382E+03,2.647879E+03,7.617664E-02,2.339430E-01
19:10:00,7.526339E+02,3.341832E+03,3.907279E-02,2.952559E-01,2.365177E+03,3.013958E+03,1.227844E-01,2.662871E-01,1.476062E+03,1.663894E+03,7.662713E-02,1.470072E-01,2.359372E+03,2.464739E+03,1.224830E-01,2.177631E-01,1.467420E+03,2.573477E+03,7.617851E-02,2.273695E-01
19:15:00,7.526474E+02,3.332108E+03,3.907349E-02,2.943967E-01,2.365231E+03,2.994081E+03,1.227870E-01,2.645309E-01,1.476097E+03,1.655717E+03,7.662886E-02,1.462848E-01,2.359426E+03,2.453648E+03,1.224857E-01,2.167832E-01,1.467455E+03,2.500065E+03,7.618024E-02,2.208834E-01
19:20:00,7.526609E+02,3.321739E+03,3.907419E-02,2.934806E-01,2.365281E+03,2.974019E+03,1.227895E-01,2.627585E-01,1.476129E+03,1.647383E+03,7.663045E-02,1.455484E-01,2.359476E+03,2.441961E+03,1.224882E-01,2.157506E-01,1.467487E+03,2.431010E+03,7.618183E-02,2.147823E-01
19:25:00,7.526744E+02,3.310892E+03,3.907489E-02,2.925222E-01,2.365328E+03,2.953888E+03,1.227918E-01,2.609799E-01,1.476159E+03,1.638908E+03,7.663192E-02,1.447996E-01,2.359522E+03,2.427697E+03,1.224905E-01,2.144904E-01,1.467517E+03,2.366515E+03,7.618330E-02,2.090841E-01
19:30:00,7.526879E+02,3.299759E+03,3.907559E-02,2.915386E-01,2.365371E+03,2.933847E+03,1.227940E-01,2.592091E-01,1.476186E+03,1.630344E+03,7.663328E-02,1.440430E-01,2.359565E+03,2.412809E+03,1.224926E-01,2.131749E-01,1.467544E+03,2.308359E+03,7.618466E-02,2.039459E-01
19:35:00,7.527013E+02,3.288530E+03,3.907629E-02,2.905465E-01,2.365411E+03,2.911840E+03,1.227960E-01,2.572648E-01,1.476211E+03,1.620278E+03,7.663453E-02,1.431536E-01,2.359605E+03,2.395619E+03,1.224946E-01,2.116561E-01,1.467569E+03,2.255654E+03,7.618591E-02,1.992894E-01
19:40:00,7.527148E+02,3.277386E+03,3.907699E-02,2.895618E-01,2.365448E+03,2.891064E+03,1.227978E-01,2.554292E-01,1.476234E+03,1.610691E+03,7.663569E-02,1.423066E-01,2.359642E+03,2.380193E+03,1.224964E-01,2.102932E-01,1.467593E+03,2.214175E+03,7.618707E-02,1.956247E-01
19:45:00,7.527282E+02,3.266516E+03,3.907769E-02,2.886015E-01,2.365482E+03,2.870930E+03,1.227995E-01,2.536503E-01,1.476256E+03,1.601288E+03,7.663676E-02,1.414758E-01,2.359676E+03,2.365534E+03,1.224982E-01,2.089980E-01,1.467614E+03,2.176935E+03,7.618814E-02,1.923345E-01
19:50:00,7.527416E+02,3.256052E+03,3.907839E-02,2.876769E-01,2.365514E+03,2.851327E+03,1.228011E-01,2.519183E-01,1.476276E+03,1.592019E+03,7.663776E-02,1.406569E-01,2.359708E+03,2.351286E+03,1.224998E-01,2.077391E-01,1.467634E+03,2.142215E+03,7.618914E-02,1.892669E-01
19:55:00,7.527550E+02,3.246034E+03,3.907908E-02,2.867919E-01,2.365543E+03,2.832256E+03,1.228026E-01,2.502333E-01,1.476294E+03,1.582895E+03,7.663868E-02,1.398508E-01,2.359738E+03,2.337425E+03,1.225012E-01,2.065145E-01,1.467653E+03,2.109509E+03,7.619006E-02,1.863774E-01
20:00:00,7.527683E+02,3.236459E+03,3.907977E-02,2.859459E-01,2.365571E+03,2.813698E+03,1.228040E-01,2.485938E-01,1.476311E+03,1.573920E+03,7.663953E-02,1.390578E-01,2.359766E+03,2.323913E+03,1.225026E-01,2.053207E-01,1.467670E+03,2.078538E+03,7.619092E-02,1.836411E-01
20:05:00,7.527815E+02,3.227303E+03,3.908046E-02,2.851370E-01,2.365597E+03,2.795703E+03,1.228053E-01,2.470039E-01,1.476327E+03,1.565138E+03,7.664033E-02,1.382819E-01,2.359792E+03,2.310796E+03,1.225039E-01,2.041617E-01,1.467686E+03,2.049168E+03,7.619172E-02,1.810462E-01
20:10:00,7.527947E+02,3.218799E+03,3.908114E-02,2.843856E-01,2.365621E+03,2.778432E+03,1.228065E-01,2.454779E-01,1.476342E+03,1.556657E+03,7.664107E-02,1.375326E-01,2.359816E+03,2.298241E+03,1.225051E-01,2.030526E-01,1.467700E+03,2.021370E+03,7.619246E-02,1.785902E-01
20:15:00,7.528078E+02,3.210385E+03,3.908182E-02,2.836436E-01,2.365643E+03,2.761490E+03,1.228076E-01,2.439822E-01,1.476356E+03,1.548257E+03,7.664176E-02,1.367910E-01,2.359838E+03,2.285858E+03,1.225063E-01,2.019594E-01,1.467714E+03,1.994830E+03,7.619315E-02,1.762461E-01
20:20:00,7.528209E+02,3.202447E+03,3.908250E-02,2.829438E-01,2.365664E+03,2.745137E+03,1.228087E-01,2.425385E-01,1.476368E+03,1.540100E+03,7.664240E-02,1.360710E-01,2.359859E+03,2.273929E+03,1.225073E-01,2.009064E-01,1.467727E+03,1.969608E+03,7.619379E-02,1.740184E-01
20:25:00,7.528338E+02,3.194810E+03,3.908317E-02,2.822706E-01,2.365684E+03,2.729253E+03,1.228097E-01,2.411362E-01,1.476380E+03,1.532125E+03,7.664300E-02,1.353670E-01,2.359879E+03,2.262339E+03,1.225083E-01,1.998834E-01,1.467739E+03,1.945568E+03,7.619440E-02,1.718953E-01
20:30:00,7.528467E+02,3.187480E+03,3.908384E-02,2.816244E-01,2.365702E+03,2.713837E+03,1.228106E-01,2.397753E-01,1.476391E+03,1.524340E+03,7.664356E-02,1.346798E-01,2.359898E+03,2.251103E+03,1.225093E-01,1.988917E-01,1.467750E+03,1.922649E+03,7.619496E-02,1.698711E-01
20:35:00,7.528596E+02,3.180440E+03,3.908451E-02,2.810039E-01,2.365719E+03,2.698806E+03,1.228115E-01,2.384485E-01,1.476402E+03,1.516702E+03,7.664409E-02,1.340056E-01,2.359915E+03,2.240165E+03,1.225101E-01,1.979262E-01,1.467760E+03,1.900740E+03,7.619549E-02,1.679361E-01
20:40:00,7.528724E+02,3.173419E+03,3.908517E-02,2.803851E-01,2.365736E+03,2.683964E+03,1.228123E-01,2.371383E-01,1.476412E+03,1.509102E+03,7.664458E-02,1.333347E-01,2.359931E+03,2.229321E+03,1.225110E-01,1.969691E-01,1.467770E+03,1.879678E+03,7.619599E-02,1.660760E-01
20:45:00,7.528851E+02,3.166938E+03,3.908583E-02,2.798126E-01,2.365751E+03,2.669673E+03,1.228131E-01,2.358757E-01,1.476421E+03,1.501759E+03,7.664504E-02,1.326860E-01,2.359947E+03,2.218933E+03,1.225118E-01,1.960513E-01,1.467780E+03,1.859614E+03,7.619645E-02,1.643034E-01
20:50:00,7.528977E+02,3.160575E+03,3.908649E-02,2.792503E-01,2.365765E+03,2.655644E+03,1.228138E-01,2.346362E-01,1.476429E+03,1.494509E+03,7.664548E-02,1.320455E-01,2.359962E+03,2.208689E+03,1.225125E-01,1.951463E-01,1.467788E+03,1.840347E+03,7.619689E-02,1.626011E-01
20:55:00,7.529102E+02,3.154470E+03,3.908714E-02,2.787109E-01,2.365779E+03,2.641974E+03,1.228145E-01,2.334285E-01,1.476438E+03,1.487414E+03,7.664589E-02,1.314186E-01,2.359975E+03,2.198686E+03,1.225132E-01,1.942624E-01,1.467796E+03,1.821884E+03,7.619730E-02,1.609699E-01
21:00:00,7.529227E+02,3.148587E+03,3.908779E-02,2.781912E-01,2.365792E+03,2.628637E+03,1.228151E-01,2.322501E-01,1.476445E+03,1.480470E+03,7.664628E-02,1.308051E-01,2.359988E+03,2.188885E+03,1.225139E-01,1.933966E-01,1.467804E+03,1.804172E+03,7.619769E-02,1.594049E-01
21:05:00,7.529351E+02,3.142913E+03,3.908843E-02,2.776899E-01,2.365804E+03,2.615631E+03,1.228158E-01,2.311010E-01,1.476452E+03,1.473661E+03,7.664665E-02,1.302036E-01,2.360001E+03,2.179259E+03,1.225145E-01,1.925460E-01,1.467811E+03,1.787166E+03,7.619806E-02,1.579024E-01
21:10:00,7.529475E+02,3.137436E+03,3.908907E-02,2.772060E-01,2.365816E+03,2.602920E+03,1.228164E-01,2.299779E-01,1.476459E+03,1.466974E+03,7.664700E-02,1.296127E-01,2.360013E+03,2.169805E+03,1.225151E-01,1.917108E-01,1.467818E+03,1.770827E+03,7.619841E-02,1.564588E-01
21:15:00,7.529598E+02,3.132146E+03,3.908971E-02,2.767387E-01,2.365827E+03,2.590476E+03,1.228169E-01,2.288784E-01,1.476466E+03,1.460398E+03,7.664733E-02,1.290317E-01,2.360024E+03,2.160527E+03,1.225157E-01,1.908910E-01,1.467825E+03,1.755118E+03,7.619875E-02,1.550709E-01
21:20:00,7.529720E+02,3.127034E+03,3.909034E-02,2.762869E-01,2.365838E+03,2.578275E+03,1.228175E-01,2.278004E-01,1.476472E+03,1.453923E+03,7.664764E-02,1.284596E-01,2.360035E+03,2.151423E+03,1.225162E-01,1.900866E-01,1.467831E+03,1.740006E+03,7.619906E-02,1.537358E-01
21:25:00,7.529841E+02,3.122088E+03,3.909097E-02,2.758500E-01,2.365848E+03,2.566291E+03,1.228180E-01,2.267416E-01,1.476478E+03,1.447536E+03,7.664794E-02,1.278953E-01,2.360045E+03,2.142487E+03,1.225167E-01,1.892971E-01,1.467837E+03,1.725461E+03,7.619937E-02,1.524506E-01
21:30:00,7.529962E+02,3.117300E+03,3.909160E-02,2.754270E-01,2.365857E+03,2.554505E+03,1.228185E-01,2.257003E-01,1.476483E+03,1.441221E+03,7.664823E-02,1.273373E-01,2.360055E+03,2.133718E+03,1.225172E-01,1.885223E-01,1.467842E+03,1.711461E+03,7.619965E-02,1.512137E-01
21:35:00,7.530082E+02,3.112662E+03,3.909222E-02,2.750172E-01,2.365867E+03,2.542886E+03,1.228189E-01,2.246737E-01,1.476489E+03,1.434983E+03,7.664851E-02,1.267862E-01,2.360064E+03,2.125110E+03,1.225177E-01,1.877617E-01,1.467848E+03,1.697970E+03,7.619993E-02,1.500217E-01
21:40:00,7.530201E+02,3.108165E+03,3.909284E-02,2.746199E-01,2.365875E+03,2.531441E+03,1.228194E-01,2.236626E-01,1.476494E+03,1.428823E+03,7.664877E-02,1.262419E-01,2.360073E+03,2.116658E+03,1.225182E-01,1.870150E-01,1.467853E+03,1.684946E+03,7.620019E-02,1.488711E-01
21:45:00,7.530320E+02,3.103802E+03,3.909346E-02,2.742344E-01,2.365884E+03,2.520171E+03,1.228198E-01,2.226668E-01,1.476499E+03,1.422741E+03,7.664902E-02,1.257045E-01,2.360082E+03,2.108351E+03,1.225186E-01,1.862810E-01,1.467858E+03,1.672357E+03,7.620045E-02,1.477587E-01
21:50:00,7.530438E+02,3.099565E+03,3.909407E-02,2.738601E-01,2.365892E+03,2.509070E+03,1.228203E-01,2.216860E-01,1.476504E+03,1.416734E+03,7.664926E-02,1.251738E-01,2.360090E+03,2.100180E+03,1.225191E-01,1.855592E-01,1.467863E+03,1.660169E+03,7.620069E-02,1.466819E-01
21:55:00,7.530556E+02,3.095448E+03,3.909468E-02,2.734963E-01,2.365900E+03,2.498132E+03,1.228207E-01,2.207196E-01,1.476508E+03,1.410801E+03,7.664950E-02,1.246496E-01,2.360098E+03,2.092139E+03,1.225195E-01,1.848487E-01,1.467867E+03,1.648352E+03,7.620092E-02,1.456378E-01
22:00:00,7.530672E+02,3.091443E+03,3.909529E-02,2.731424E-01,2.365908E+03,2.487352E+03,1.228211E-01,2.197671E-01,1.476513E+03,1.404939E+03,7.664972E-02,1.241316E-01,2.360106E+03,2.084219E+03,1.225199E-01,1.841489E-01,1.467872E+03,1.636868E+03,7.620115E-02,1.446233E-01
22:05:00,7.530789E+02,3.087545E+03,3.909589E-02,2.727980E-01,2.365915E+03,2.476793E+03,1.228214E-01,2.188342E-01,1.476517E+03,1.399189E+03,7.664994E-02,1.236236E-01,2.360113E+03,2.076481E+03,1.225203E-01,1.834653E-01,1.467876E+03,1.625745E+03,7.620137E-02,1.436405E-01
22:10:00,7.530905E+02,3.083747E+03,3.909649E-02,2.724625E-01,2.365922E+03,2.466450E+03,1.228218E-01,2.179204E-01,1.476521E+03,1.393549E+03,7.665015E-02,1.231253E-01,2.360121E+03,2.068918E+03,1.225206E-01,1.827971E-01,1.467880E+03,1.614970E+03,7.620158E-02,1.426885E-01
22:15:00,7.531020E+02,3.080045E+03,3.909709E-02,2.721354E-01,2.365929E+03,2.456319E+03,1.228222E-01,2.170253E-01,1.476525E+03,1.388017E+03,7.665035E-02,1.226365E-01,2.360128E+03,2.061532E+03,1.225210E-01,1.821445E-01,1.467884E+03,1.604532E+03,7.620179E-02,1.417663E-01
22:20:00,7.531134E+02,3.076433E+03,3.909769E-02,2.718163E-01,2.365936E+03,2.446396E+03,1.228225E-01,2.161486E-01,1.476529E+03,1.382592E+03,7.665055E-02,1.221573E-01,2.360135E+03,2.054320E+03,1.225213E-01,1.815073E-01,1.467888E+03,1.594418E+03,7.620198E-02,1.408726E-01
22:25:00,7.531248E+02,3.072908E+03,3.909828E-02,2.715048E-01,2.365943E+03,2.436678E+03,1.228229E-01,2.152899E-01,1.476532E+03,1.377273E+03,7.665074E-02,1.216873E-01,2.360141E+03,2.047281E+03,1.225217E-01,1.808853E-01,1.467892E+03,1.584614E+03,7.620218E-02,1.400064E-01
22:30:00,7.531362E+02,3.069464E+03,3.909887E-02,2.712006E-01,2.365949E+03,2.427161E+03,1.228232E-01,2.144491E-01,1.476536E+03,1.372059E+03,7.665093E-02,1.212267E-01,2.360148E+03,2.040410E+03,1.225220E-01,1.802783E-01,1.467895E+03,1.575109E+03,7.620237E-02,1.391666E-01
22:35:00,7.531475E+02,3.066099E+03,3.909945E-02,2.709033E-01,2.365955E+03,2.417772E+03,1.228235E-01,2.136195E-01,1.476540E+03,1.366905E+03,7.665111E-02,1.207713E-01,2.360154E+03,2.033638E+03,1.225224E-01,1.796799E-01,1.467899E+03,1.565848E+03,7.620255E-02,1.383484E-01
22:40:00,7.531587E+02,3.062809E+03,3.910004E-02,2.706126E-01,2.365962E+03,2.408506E+03,1.228238E-01,2.128008E-01,1.476543E+03,1.361810E+03,7.665129E-02,1.203211E-01,2.360160E+03,2.026961E+03,1.225227E-01,1.790900E-01,1.467902E+03,1.556819E+03,7.620273E-02,1.375507E-01
22:45:00,7.531699E+02,3.059590E+03,3.910062E-02,2.703281E-01,2.365967E+03,2.399359E+03,1.228241E-01,2.119926E-01,1.476546E+03,1.356772E+03,7.665147E-02,1.198760E-01,2.360167E+03,2.020375E+03,1.225230E-01,1.785081E-01,1.467906E+03,1.548012E+03,7.620290E-02,1.367726E-01
22:50:00,7.531810E+02,3.056438E+03,3.910120E-02,2.700497E-01,2.365973E+03,2.390326E+03,1.228244E-01,2.111945E-01,1.476550E+03,1.351788E+03,7.665164E-02,1.194356E-01,2.360173E+03,2.013876E+03,1.225233E-01,1.779339E-01,1.467909E+03,1.539415E+03,7.620308E-02,1.360130E-01
22:55:00,7.531921E+02,3.053350E+03,3.910177E-02,2.697769E-01,2.365979E+03,2.381402E+03,1.228247E-01,2.104061E-01,1.476553E+03,1.346857E+03,7.665180E-02,1.190000E-01,2.360178E+03,2.007462E+03,1.225236E-01,1.773672E-01,1.467912E+03,1.531017E+03,7.620324E-02,1.352710E-01
23:00:00,7.532032E+02,3.050323E+03,3.910235E-02,2.695094E-01,2.365985E+03,2.372584E+03,1.228250E-01,2.096269E-01,1.476556E+03,1.341977E+03,7.665197E-02,1.185688E-01,2.360184E+03,2.001127E+03,1.225239E-01,1.768075E-01,1.467915E+03,1.522809E+03,7.620341E-02,1.345458E-01
23:05:00,7.532142E+02,3.047354E+03,3.910292E-02,2.692471E-01,2.365990E+03,2.363866E+03,1.228253E-01,2.088567E-01,1.476559E+03,1.337146E+03,7.665213E-02,1.181420E-01,2.360190E+03,1.994870E+03,1.225242E-01,1.762546E-01,1.467919E+03,1.514780E+03,7.620357E-02,1.338364E-01
23:10:00,7.532251E+02,3.044440E+03,3.910348E-02,2.689896E-01,2.365996E+03,2.355245E+03,1.228256E-01,2.080950E-01,1.476562E+03,1.332363E+03,7.665229E-02,1.177193E-01,2.360195E+03,1.988685E+03,1.225245E-01,1.757082E-01,1.467922E+03,1.506923E+03,7.620373E-02,1.331422E-01
23:15:00,7.532360E+02,3.041577E+03,3.910405E-02,2.687367E-01,2.366001E+03,2.346717E+03,1.228259E-01,2.073416E-01,1.476565E+03,1.327625E+03,7.665244E-02,1.173007E-01,2.360201E+03,1.982571E+03,1.225248E-01,1.751680E-01,1.467925E+03,1.499229E+03,7.620388E-02,1.324624E-01
23:20:00,7.532468E+02,3.038764E+03,3.910461E-02,2.684882E-01,2.366006E+03,2.338279E+03,1.228262E-01,2.065960E-01,1.476568E+03,1.322931E+03,7.665260E-02,1.168860E-01,2.360206E+03,1.976524E+03,1.225250E-01,1.746337E-01,1.467928E+03,1.491689E+03,7.620404E-02,1.317963E-01
23:25:00,7.532576E+02,3.035998E+03,3.910517E-02,2.682438E-01,2.366012E+03,2.329926E+03,1.228264E-01,2.058580E-01,1.476571E+03,1.318279E+03,7.665275E-02,1.164750E-01,2.360212E+03,1.970541E+03,1.225253E-01,1.741051E-01,1.467931E+03,1.484297E+03,7.620419E-02,1.311432E-01
23:30:00,7.532684E+02,3.033276E+03,3.910573E-02,2.680033E-01,2.366017E+03,2.321656E+03,1.228267E-01,2.051273E-01,1.476574E+03,1.313668E+03,7.665290E-02,1.160676E-01,2.360217E+03,1.964619E+03,1.225256E-01,1.735819E-01,1.467933E+03,1.477046E+03,7.620434E-02,1.305025E-01
23:35:00,7.532791E+02,3.030596E+03,3.910629E-02,2.677665E-01,2.366022E+03,2.313465E+03,1.228269E-01,2.044036E-01,1.476577E+03,1.309097E+03,7.665304E-02,1.156637E-01,2.360222E+03,1.958756E+03,1.225259E-01,1.730639E-01,1.467936E+03,1.469927E+03,7.620448E-02,1.298736E-01
23:40:00,7.532898E+02,3.027957E+03,3.910684E-02,2.675333E-01,2.366027E+03,2.305349E+03,1.228272E-01,2.036866E-01,1.476580E+03,1.304564E+03,7.665319E-02,1.152632E-01,2.360227E+03,1.952950E+03,1.225261E-01,1.725508E-01,1.467939E+03,1.462937E+03,7.620463E-02,1.292559E-01
23:45:00,7.533004E+02,3.025354E+03,3.910740E-02,2.673034E-01,2.366032E+03,2.297307E+03,1.228275E-01,2.029760E-01,1.476582E+03,1.300067E+03,7.665333E-02,1.148659E-01,2.360232E+03,1.947196E+03,1.225264E-01,1.720425E-01,1.467942E+03,1.456067E+03,7.620477E-02,1.286489E-01
23:50:00,7.533110E+02,3.022788E+03,3.910795E-02,2.670766E-01,2.366037E+03,2.289336E+03,1.228277E-01,2.022717E-01,1.476585E+03,1.295606E+03,7.665347E-02,1.144717E-01,2.360237E+03,1.941495E+03,1.225266E-01,1.715387E-01,1.467945E+03,1.449313E+03,7.620491E-02,1.280522E-01
23:55:00,7.533216E+02,3.020256E+03,3.910849E-02,2.668529E-01,2.366042E+03,2.281431E+03,1.228280E-01,2.015734E-01,1.476588E+03,1.291179E+03,7.665361E-02,1.140806E-01,2.360242E+03,1.935842E+03,1.225269E-01,1.710393E-01,1.467947E+03,1.442668E+03,7.620505E-02,1.274652E-01
24:00:00,7.533321E+02,3.017755E+03,3.910904E-02,2.666320E-01,2.366046E+03,2.273592E+03,1.228282E-01,2.008807E-01,1.476590E+03,1.286784E+03,7.665375E-02,1.136923E-01,2.360247E+03,1.930236E+03,1.225272E-01,1.705440E-01,1.467950E+03,1.436129E+03,7.620519E-02,1.268874E-01
Peak,7.533321E+02,3.407068E+03,3.910904E-02,3.010270E-01,2.366046E+03,3.997132E+03,1.228282E-01,3.531625E-01,1.476590E+03,2.535449E+03,7.665375E-02,2.240085E-01,2.360247E+03,2.711353E+03,1.225272E-01,2.395575E-01,1.467950E+03,3.136919E+03,7.620519E-02,2.771509E-01

Peak Vol Flow (m3/s),,,3.294806E-02,2.536052E-01,,,1.034787E-01,2.975276E-01,,,6.457822E-02,1.887197E-01,,,1.032250E-01,2.018192E-01,,,6.420032E-02,2.334904E-01
